{"noiseKey":{"private":{"type":"Buffer","data":"qPra4ioPFBW9FbXlw811U9fUVPLCT8fKYfJoheC/c38="},"public":{"type":"Buffer","data":"p7g1BDGevuY5+0YWKmVjEfVmr1PEo6Egdd7VHCHi1hA="}},"pairingEphemeralKeyPair":{"private":{"type":"Buffer","data":"eNcYSs8ly3MoryyfvX+2MRhRlxkxBa+lHupvUyvaFmg="},"public":{"type":"Buffer","data":"0hm5WdOFEfgvvlIViCOcR+55MO6FTFkB6BXrzCDBPxc="}},"signedIdentityKey":{"private":{"type":"Buffer","data":"6FThkP0b8bZ+mJ/7EGgTiAqK3PnrDOxFyZthbszmc34="},"public":{"type":"Buffer","data":"NtIwW2Kp8CyWO9oeaOQs7CvrCAH4WTVjb4nnQE08NHA="}},"signedPreKey":{"keyPair":{"private":{"type":"Buffer","data":"YDO4HZ+5994Av9ud0oiwcvYHKPwSnBEl5ajw8s5qPkE="},"public":{"type":"Buffer","data":"R1764B9gufwIwCes7iGn7iVtV8ywwx7cWGWOOp0b1l4="}},"signature":{"type":"Buffer","data":"3Nqd2T34YlPPx+xNu1HRyHlNdJwb86LgcmxDvRJT6ArC4J/62ct/VP68J5WH5CA78Hi6w8sLEYVx6qhNk3ciAg=="},"keyId":1},"registrationId":136,"advSecretKey":"YupvdiUUYJbT7pzfVWhPwPuSSFSHMSr3jnzEDkTuiFo=","processedHistoryMessages":[],"nextPreKeyId":1,"firstUnuploadedPreKeyId":1,"accountSyncCounter":0,"accountSettings":{"unarchiveChats":false},"deviceId":"4pv8RJj6SombvFj6k6brxw","phoneId":"157ca030-6c85-4684-ad98-88a6a0e76022","identityId":{"type":"Buffer","data":"aEMHS1hyy2EYJnEpVPnRB8d4u4Y="},"registered":false,"backupToken":{"type":"Buffer","data":"6eIPsWNiZTZsCwgLKPjrusVb/fw="},"registration":{},"pairingCode":"94HJSRYD","me":{"id":"6283876387182@s.whatsapp.net","name":"~"}}