{"version":9,"hash":{"type":"Buffer","data":"BsnOW3qglXMm+lpg9Tn2PnZmcEUtajBT0z5p/xXee7elnPzgsW6hsovl0ShEzaRFNEZRbXfSj9JBf+zQMT2am2JTgLCpSA33+61oOOT5epsey9tL3REMve2qgMBYWelzw6/0VnIfqeXukX8XNk9W280c38lLAoNKzJ0NhTuiYAw="},"indexValueMap":{"GlC4eBeIO2EnCwRNI4E8YranErM9nNdMQ0flQurxcTk=":{"valueMac":{"type":"Buffer","data":"PDWVuemCqsXsJSNuf33+roZQpzjUblpEIqjLOtLmeL4="}},"HyPhbwwULfniZeah3+lxEDENZPFtCSGhv8dKD8qwAgk=":{"valueMac":{"type":"Buffer","data":"cj4cWIQfe6eLXA5KSo8ZYwriJduOo5CJMa6nMfJKX8U="}},"H0shof1XKdBrVMIZ76qxpc4Vk2NQwLpz6Td21aA9uU8=":{"valueMac":{"type":"Buffer","data":"t3CpWG58yk5xX6h8zJp5mkMRhr7S6CW5O88v2CeO+UE="}},"Ir6PrVq5vujekPAlwL0mTSLVYluB3TkyELMvbf8wU4o=":{"valueMac":{"type":"Buffer","data":"zPTBtB8+ZZSqKt50WdYYloLVN32gKYTWO6zhvNJEcCM="}},"W0Isv+sYzSyG3sbwM3t6+6ZQP4b5I0mCOIORda1GIBw=":{"valueMac":{"type":"Buffer","data":"pqy4cNNwDxw6q0c4UgbnpsxZUrQ1t4eVWpWQEhbYadI="}},"YSwUoNuaFC6m5KQd0rnteZMqIo8QSAl+dSQju1hsjzo=":{"valueMac":{"type":"Buffer","data":"gYBgdaWs3ifmT/Fc7oRWP4jQ1rP5+0L0PDdACJNBKvM="}},"Y0fZ6aaUjWn5Gj8Kl/eaC29TIJBy+OdpsxSgX2tqODo=":{"valueMac":{"type":"Buffer","data":"KeW8eA9A+Fc4vk4mLOeIYVQl9hCzEzurOzkmXJo1jbk="}},"ifLtbPjhX29VK9NCa7E3JXBSeWko0l+5HvZZAPR/NMc=":{"valueMac":{"type":"Buffer","data":"gGBbi55DDwBTRSqjfmhvZJQHZ3+6vdAjmGrzHy4N2jo="}},"mcVs/qCB/bHpscT8VraLN88oSl2ngBBN2REZZfK+bZQ=":{"valueMac":{"type":"Buffer","data":"Pj79xG03jxXhCdrLgrIXP4VAMylPhArDjqcknOB+6a4="}},"8EXHaHF8kFSreczo1YI1HC24ctza7LkYWFEeRHJ9vMA=":{"valueMac":{"type":"Buffer","data":"5pWpZw379IwcvGl9ln7bO3TKwIOo8zx7mG8fpl4llys="}},"+ZbBX7twZIinqTnfCvh230+IIKlBmBINkjsRivsOjqQ=":{"valueMac":{"type":"Buffer","data":"DRLAVJA0G6ThlT7iYUHVwfOBAXdM92OC/tGaQ8rmVGY="}}}}