{"version":4,"hash":{"type":"Buffer","data":"T1jDt6xAWppCBHXffTNjQ2y65bkatIoxZ5EHeZIf+7esduzglWVvCgWqGPnQHo9ArV8qGrv2YkHU0OMG4f9s+hIOvOlOpqBU4WfZCjCSbNJelccZI3NTDDbxjsqoGezE6FbtveqgXNfCipm2Kn9fry6/vMjAbsETWuQHlbI9D+U="},"indexValueMap":{"soPQUP1j4dAwr0fEHlYxUgfKBMND0nXxyyjm3ILNSn8=":{"valueMac":{"type":"Buffer","data":"dyWnBSBDWf1ITPRQgZNP7RZz/a4oFVFEr71+Ag7m0/M="}},"89d+IIS4dkdF5e+qAEE9AVAq8zCaRlSIhLk1kW+ZZ9M=":{"valueMac":{"type":"Buffer","data":"XJIOfYBg4BO7ORwuQRJegZj/4CHCySCu7tBcOITVCrw="}}}}