{"version":4,"hash":{"type":"Buffer","data":"EtoCL+DVcdrhS/4OT3AKqi1O51rdyyZK3zew424RTwA8ri86b2NCOZE73R5l2O2TSdYx46xP7oZq3HtZmeI3jy31+W5OLCBCGULqMoHvuBM/g3nGzv4Jw38R7Q/NqLCtYCgZk5TyDVZmb+qpckhBxFThxgr/mE1CfGdn9IvPs8c="},"indexValueMap":{"MGLZhMCKxdn65bNAllQndnA/qIh5K3QE1riAa/XFInM=":{"valueMac":{"type":"Buffer","data":"b7vD/dpaeYS7CeWTKC0BVXK5wKycdHVoVbAkSOczWdM="}},"P6fjSxlcenm6pHmQse4VpWhxDCDyljp2W/N70gf177Q=":{"valueMac":{"type":"Buffer","data":"madRHfictku1G6pQwzchSKKq9eW99w6MMifVtUvdxug="}},"g5HB9Ka2tEProXVmgWByboTlfX8xzUAjhNyOLdYvrdA=":{"valueMac":{"type":"Buffer","data":"cSHPrBXhkg0G/95nw5vT62cVEG3YzUnFxy610buVSSA="}},"imvvQBHtT0aaxXpaKhHvwSq3r+mUSjjHHHlPPGz0BJA=":{"valueMac":{"type":"Buffer","data":"0MWIo98QLVz+Kor1knmTh02jGkyP8X7a43b0CdGj4Uo="}},"yHb7JKpSzCbjo92HlY37SUMgqwj66x+hqlq7PPnm888=":{"valueMac":{"type":"Buffer","data":"kO0FYxu+dt8ETGA1yoRGPX9NuWL5y8gH29ArnThnad8="}},"2xgpxZFk4ff3f0h0ULLBdHlPbdM1+KxGniqhNaAaqdM=":{"valueMac":{"type":"Buffer","data":"x52tjtCa6nQIDS7J8bXJap8V3EZRjDLhnMHfDnjHwFg="}}}}