{"version":369,"hash":{"type":"Buffer","data":"d278oPv71VC5MsgG8at8QmadQN+gPZmZTHUVX+fDidDt6nn1n71cUVAKd+rngg8M0dtjz8a9oteLOvvNHDQN/IRkBQZD4TBDo+ARabkLbMQRoMpcfr1EDoKpbRKcOO90LPPwehh9hGyVIsHHzYM8Sjv1UG7kWThsUOBqwgwqrCA="},"indexValueMap":{"AKRnRRkKJH2tqqxcJ2GGAt+kQCumbBjboQT6P1PAX2I=":{"valueMac":{"type":"Buffer","data":"//HddhLnkVcZaScDZRxftQVpogYJxCurklk8RIvxhv4="}},"ALncw3hNGHB9zNXpsvWmNrff7qQ0+5lgWj6hXOkhbyY=":{"valueMac":{"type":"Buffer","data":"ehj42wpHo+CXtFIx/qJQbI9PgU5Z+rZlka2aIGzGGBo="}},"AQ/aW2tb7nR+uFYydpJcuP8iRd2dUPbclzGDuOXto2M=":{"valueMac":{"type":"Buffer","data":"P83DquH9KOVn4dqoF1Squ/FmUcMG/jnYacESS+WF59E="}},"AVW6rOCLmxxumP62gcEM/WW5ETKW4ApxPeQtMrcjz8k=":{"valueMac":{"type":"Buffer","data":"1gQ8188oSbUw86PXnJZn8HTglgs+VPuIteDXy8LI4JE="}},"AaKnA+xYp2oMF3dMCOeURtDJqQ5GzGLQnJGHFdAUlfo=":{"valueMac":{"type":"Buffer","data":"ICtMIijd0DGoORng7acc0APW9l1q+fnY88PwQl+IVCg="}},"AwZIDWGsfDrMHjB9s2LfQR3BfUpHpJgkzO7YV0/rI2I=":{"valueMac":{"type":"Buffer","data":"MUCHcfhIw4ZWW+etxasKg3S484ZC2znGcrI5FDIPGNQ="}},"AwmFOVmcsPlsoWuDD1j9WNFzsN3qs1O3ppDURBK2zZA=":{"valueMac":{"type":"Buffer","data":"RA8rgSWJtsJtWOgbkvdBteZst6ROxZdOuaF+LOUwZIM="}},"AxE/4+m+S9R8B1H63UBbA0eU0YQYc5Ksu33/T/y0cyc=":{"valueMac":{"type":"Buffer","data":"5JaxHmywcueH3WdUOaIP+0fgQR7p8Ji5r4ud2CuT8Ps="}},"A3kZw2XtzJ5J2GiPXd+yMOlk532YfFSQ7YZOcOfkoqg=":{"valueMac":{"type":"Buffer","data":"p8BJzAfAPrRf38bExq0x+lxItWEgKMpuxHWKUL4aNKY="}},"A365/xZSK+2Wg/hq6+d82iIeSOUFi3gcsQzhlxixECo=":{"valueMac":{"type":"Buffer","data":"0DBfW1JCitEmx6jxf6ehM0ArzsyUKqQQfGQ7vCst5do="}},"BFRM3f2fTp4LsEqKsdgV0QHLeWdZWkylG6Of+l0a7XM=":{"valueMac":{"type":"Buffer","data":"uNMsEtRiNuVWHvRMCG8ZDKf6zH3lrBtihGfcaYDsG4o="}},"BFTjYB7+cwAqZuZetNH1totEYKswzyYQL2QGcZf4QR0=":{"valueMac":{"type":"Buffer","data":"i6QWJzTunjsiL3Q9UEDT6Xfc7TYnHqeBwA4CukukHzA="}},"BMBVgNDD75teWKispozOdTAv1p2vCDVIYm0xnxaZ7b8=":{"valueMac":{"type":"Buffer","data":"hx+SHAMdRXoagQ9IA7itAbDyG9SX+QsngLD3VtyvpAg="}},"BQldWhmR8804vVqiPJk9DlMogUOaFs8deRNUh+zdwzA=":{"valueMac":{"type":"Buffer","data":"ri5qNquoox+NYZ8MikCCbm6OoUhA3AYFJpNh1IquFrs="}},"BuzNpQf0oMEq6pMwZdU/phe7kC+EHtuSbGdgHU2g2ZI=":{"valueMac":{"type":"Buffer","data":"4KYrzqm5R5nbz/MEo1VsKL7RSQWVTR+/axnwLnpWhP4="}},"BzGD/8U/Gt3kBIPRkJq3IdWvG5GHzKntgBSUXfytkxM=":{"valueMac":{"type":"Buffer","data":"mYb8ejCNZZEqdVqfj5wqfbBRS3F5A+7ixk4YSTaxW3U="}},"B3rACtO0KSyYYXV5P2pgjA/DJMXXXyc2KC5fHoRNoC0=":{"valueMac":{"type":"Buffer","data":"fHo7vTTp4qjKmw0dq39jQsTxEKOyI/QvAr/58nfFG48="}},"CE+GQFxnMyBbpklLISI56PTqEfhsJkw384wI24rDLTg=":{"valueMac":{"type":"Buffer","data":"ff+7x43keWgvlbeSwxfyz49gtn/itJPsDuauqGyPa38="}},"CFl5bS0zHX5skYpPU+JDR/KLOFgt3S98TP/+5ZUafQM=":{"valueMac":{"type":"Buffer","data":"UNpG3uvJ4jryoNGDWPmJYEd8Bzg3cdCEuqxXyU3QixQ="}},"CSJR2eo0xK970LE7kZWdtiCOJB9tBJ5Ly0uMTwJ6kDI=":{"valueMac":{"type":"Buffer","data":"kMFytqpM8HNBurVgb3p4zbPVI7nDRu1Ewv8zcJwosLE="}},"CSXv+AIO3mWOO7KUTLi7q4KPhMMiXX1Up1O3tcobBEU=":{"valueMac":{"type":"Buffer","data":"XExxc1whCIH9g35Ldglro1n7sxq9Yc3WfDV9Nl2GVuw="}},"CUOXj2HcoC1rOziXEMs+rzzswtXGAcuDdxxrfFFncJo=":{"valueMac":{"type":"Buffer","data":"RYT7xiASEA8zEbBL08KWBRSjHUUGaTZ4he+6Q7vFsQQ="}},"CddDZ8M/CTFORrm4ivUg3sRQ+svvM82ABPfDH6HrViQ=":{"valueMac":{"type":"Buffer","data":"TztRdckOWoDy5gxICa4T3H9HSm50Ukz97ts4Udibt98="}},"ClHg/iQ0xgoomsJ2n7wxVLVNsyXftpnhXbbcID7TJn8=":{"valueMac":{"type":"Buffer","data":"tRvsEFSjqJW/GKR8YubAPAxRmhX+6Ck+E+5TFvLoDoU="}},"C2LU7GM4xiSqsZePNpFU7+2JoO/2ca6gk5oLfibTS7k=":{"valueMac":{"type":"Buffer","data":"A3Eel0UEPYCoV0QocL5WlbCSvTbeWDzRiGPQEqmJ8mc="}},"DHvqwbDlq2F23UJa+H8BOZJ2Sy1qxSRjRN/kud3ZwZQ=":{"valueMac":{"type":"Buffer","data":"vE6zUgjBjxk2BzMw+PdtksayXkslM8AXTE3+GBEj8WA="}},"DQ8uHQuENXetx/Ghl86IhNSXTOTlsLz8gJjIW7566Mk=":{"valueMac":{"type":"Buffer","data":"CwZ+VqIJO3PREcnPLON1RU1X2iEYvOX44MX4T9xCvDc="}},"DV0u/R1NuFitky3nqtoRBRHn0nAcyOaiPNzEeMxK2TY=":{"valueMac":{"type":"Buffer","data":"JAq2UYPkeasLXZrVBx35n5hpIIqEKEa4aKPgjq4AyZ0="}},"DYHnuau5rcZ2goZA7l8ZdvtLWAUCa3mspt/bEFtn5c4=":{"valueMac":{"type":"Buffer","data":"o2iMWEWyXzEyYmgNHDf9RfGY2nQscT7w3YivujhQ+rk="}},"DeG215Uo4LQqQSmbNu9ubvcg3KWhFD12iNKV20oINGA=":{"valueMac":{"type":"Buffer","data":"iDLYQ9iNINyNATgCa6UHcobyfb24DBb8NzjfHFnXEFU="}},"Dja/XaYn/81jVal/kLrTUrt2TCwGQuaap2iQm0hsA8s=":{"valueMac":{"type":"Buffer","data":"MQOCLEw93fL8tMJpmqOGy9yZma2ARz/FP1n6rqpl+3I="}},"Dn/lLRQXY8fXEpeZ29Db97qecLH7gFaDQQ3S7fQgr6Q=":{"valueMac":{"type":"Buffer","data":"MRUdM1/7NkmHH1bgmGtldFBDfmob+sVENuIgkjGULRY="}},"DoAU9DLUvMnZ2usxmGWpIQA/0BwoPBkqQTy1X31mGRw=":{"valueMac":{"type":"Buffer","data":"75x1rp3MFF1lD0vH8FIP829xomU2kmNSL+z5DND5Wjo="}},"D6rmEl/NCvLKbpLR9aE9G+LW/7TWs32XYduq3DaEUgM=":{"valueMac":{"type":"Buffer","data":"sMQ3ro4BKMzpPwhEn/KzZqx5vo/ozz0A1rBkx2vKSgM="}},"D8fGKTE/yA8vIEJ0demPr+4Gw4LZYjpQXw+dG8BFzfE=":{"valueMac":{"type":"Buffer","data":"EEi0SBYL7U1C3s68in8CajwImm/Hycrwg52DsLTgL3E="}},"D+MXTiVopji+g6Yyx5RL23V7YMiWnu2psKvaYJ7s4WU=":{"valueMac":{"type":"Buffer","data":"ke1AtK407il6ebgD92cBe1HVKduzosyiv7i6lvBq7vY="}},"EMl1KPZtTSb0d+aOxWec80U8w48s8y2urHvpMXHL2a8=":{"valueMac":{"type":"Buffer","data":"85O06S3RdFPC0xcGadKwshYKARUyv2fixLJprW7MBOI="}},"EeIzfDMG7Fs0F6DOPLTceWvTrXdrgpIr5/UTUvNhLBg=":{"valueMac":{"type":"Buffer","data":"b95TNWRhkV0rx3SyU3Dcg0YFptnWTIrE2wG0txACu7w="}},"Ee+u1nxg0ndabOrEOsrL4uLY4O5cOS0zNUIY4lui1OA=":{"valueMac":{"type":"Buffer","data":"vGPSBxZyivlO5hwrCZ7T0gcz51JvtmaXw+TeQLw38wo="}},"Ern+RLXp+pCqb3OF01JBvVdAOIf2u0KTVC+nmBFuSdU=":{"valueMac":{"type":"Buffer","data":"PjIH3h3qPYeZQs3Mm+VDaem7hj48p6s8zzv55apYD6A="}},"E6f9i7ggZOEmZ+nUuGEPKcK5QWXgIrWXq2vWwFKZfFE=":{"valueMac":{"type":"Buffer","data":"3zmegza+5Gk/8h2KYmiGQUq1hLS1xNbeerCOVJCjLOA="}},"FIDXgWWPZ/MS6E18HnKAU1vhLAkOlDqqejPkCXwm++0=":{"valueMac":{"type":"Buffer","data":"jOATJlx6g35XzYjrCIVlQI2xGrJPo4Usl15wflrw3Qc="}},"FKWsCTXPtRi3n636khD1bhk0l11+xF8dzPE1PumLZgw=":{"valueMac":{"type":"Buffer","data":"jeQ+dwWgdiQmzgy0Jsv/ORfUzv3WAB370aPG/huoY2c="}},"FPnNUevywbDvLa3C001RyTcUuQdcgZ6YKJLkdBAEnSQ=":{"valueMac":{"type":"Buffer","data":"sFVI0WtA0JJHIVVEwWK3lwS4tjTWJBdURIdlRldpnE4="}},"FaLktT5mrXDL3DIng7pOzoKiivEAzXixvplJaoW1NbE=":{"valueMac":{"type":"Buffer","data":"hxAc7KVL9XtR79GWW0LFj7imbfYjy8bvdSgwHJEgSyY="}},"FxTGucgX+dE8RPL/1Bj0btoTdt98LNRu2rY1+rUqOmE=":{"valueMac":{"type":"Buffer","data":"e63XaUcs4OH9akIl/8+iv3Sy9mh+wKb/iDGAWOuObYA="}},"GBcfssn1xOoF925hhBCnRDGxITQG98/5sJvakMTVbnI=":{"valueMac":{"type":"Buffer","data":"hD5XqFwMjdJxiO/SSTXC61D8ZI+/2OOqzBzo/DYHo5U="}},"GGAUmHmO2v67a9JUVNWYQJgkeL2kgtdGJnrd9p7T5rA=":{"valueMac":{"type":"Buffer","data":"mgbwonsAhTJIIK3caNqLWD3+ZE3NeK97iiK0kns/Nyc="}},"GK4xGpZNdAWtRAC0Ax3gU6NnlDBTlAtrhIgk+ICa/CQ=":{"valueMac":{"type":"Buffer","data":"TnszAapaCwuOpQm++esYn2XzjlFa0IN/0eqrIYw4AQA="}},"GQkq5UKILW+/ma+a4kd6HfLChIkQ3DIagAow++pXsRA=":{"valueMac":{"type":"Buffer","data":"qRiarC8PZUb38SNj8tq4+5NS/OO6KvGCfzrC3KZAVg0="}},"GTGEIhgxntJisdywKe/Ti7hwk60oACXaxsUEWM1AZEs=":{"valueMac":{"type":"Buffer","data":"Q/16rbh+lKNdNHhos8f2EDCQXmcADz2pjZsElBqAoPI="}},"Gs+4PtkMn2mtNTN0dZHonDgqyf/a2mF85sJKErNnsTA=":{"valueMac":{"type":"Buffer","data":"JO+HrI0Ia1Nck18iXfTC5iWgoYXfBjzgimB9NbUl+VY="}},"HKFzsOxJmkWM/j2E7tQcpARRHsiHe1kFnuVp3BtbMwg=":{"valueMac":{"type":"Buffer","data":"xtGuHdVggjoy0RGTOImnp0161tC+1GhFfnEb+McBefk="}},"HXTJSKCU1SK7Z0oNaUJbBPHgnt2rlUXikT5qxOOWEPU=":{"valueMac":{"type":"Buffer","data":"FD/QhsIx+t0GXc6+kjnVPcPnthQPmO3vcJ/SZ9TmpLE="}},"HnItbJFZtov9D8WMy3F0uP2txUBHO050mBLZyy3NrW0=":{"valueMac":{"type":"Buffer","data":"AJX+iaocXojXChHI6np2VGJoTK9XQVYoaB1VQuBDDEU="}},"HqkHk0Cy3N/dvVDh8ntGGt+idwUPpiiCJ00pYd9vOVw=":{"valueMac":{"type":"Buffer","data":"akh1Z+VSbev2o1mWtdAoSPcCSKp3JCOcynShFhll/go="}},"Hst7mJF6W3p719v6Ww4vcQYicvv/XFmjol/R1EAMXPY=":{"valueMac":{"type":"Buffer","data":"Mcwmcor3R/uqMSolm0GqK5Tb6/7ah+KDbgIkIyzaIKo="}},"HzBRNMSBgLRukydEOzDrvs4x0v9phIwCxyQhQuPNn6k=":{"valueMac":{"type":"Buffer","data":"0jafyb0EW0C1e5ulPlE8KCAdtrzvjdRkL9s5Oc2s+aU="}},"IGJcAevW27631y3OmGaaYuprEs4OGrslE8tKbOD7MUo=":{"valueMac":{"type":"Buffer","data":"hk/Dz55YarTxpYi/SbrnjDn4T4+48Ck7Fd02FuRNZNc="}},"IHx4GTijzckbjuH0T/ANYmSVEZyu3GMgKlwNIH/lIRM=":{"valueMac":{"type":"Buffer","data":"pN0GiPOkNzre+u75wiEQLfjSe9DUELLh37dlI4yzptw="}},"IMJnA2+r3iCWsu+5Z+1xU0SwCryzlhkBAqfKgllJ0nI=":{"valueMac":{"type":"Buffer","data":"/QN7RMLGIMZK6G3CxxdbnPAL5njEl/2LL8IZx0n1sGQ="}},"IWsnIYM56uIYScewld1o5ZnHPIYXS9Km6nXhbwKLvKY=":{"valueMac":{"type":"Buffer","data":"dJAH6kz5hGsE5p6yPhPtfcc2tRHstuUvXw++IMT0SUc="}},"IZHOMKtQ7x2MnZMhsRrAX5YQpYAAzyLND0fcC7mJmvI=":{"valueMac":{"type":"Buffer","data":"YT9eOwVmuHcqoGe7iYRb8XQGm0sTk82jJH8DuR+oSzI="}},"IiMKxDSpBxSuZuAHsSEzeZgADWBvDblPXkMCfCXpMs0=":{"valueMac":{"type":"Buffer","data":"mYOTW3Z1AOAor+5esN63gaEKdeqsij3d1DccvJ7TUZ0="}},"It3mCKXK9ohiYNwuNUAhfGssiOMUAr7hY+UtKrcQSKQ=":{"valueMac":{"type":"Buffer","data":"TRouGKRT160rpkeZipaug2a9qMDIbzNsVYpfTJmWVkk="}},"I3rSIWuCQa6N+vdmhy6Jf/iT7xK2CuXeykqX7zut19I=":{"valueMac":{"type":"Buffer","data":"6LnAQjqxwWRQ8CFzAgV9IglF1kNsyMKhm4TUC1bPnPM="}},"JHVofh1y+vBFcboZlbigs7LXWVEhh4r0ZvnnXYSf9zI=":{"valueMac":{"type":"Buffer","data":"PtbSEKN+nD+z25Zcep2X2uW8Nl0BlHGroMjBIzR6hPw="}},"JNsVBNGq+Yj8iME4HBtFxTsKgH6/C/AxGYyvLPLRzDQ=":{"valueMac":{"type":"Buffer","data":"NNIVwLsW/vDsZNj5ANNnEeJDJ1Wk7SEoCS2ixcdzbb4="}},"JO7HbVs7I3wHFNvU5b+sGL1gwKyj8cTri3yO2mmuX9M=":{"valueMac":{"type":"Buffer","data":"FBbRaT/DGqTlMHyBuMqjE8k+5R8V5CUUqsbtVqkTAr4="}},"JYV+GmE0DaRAo2W3qs2tzljPBltVkX8ETPSzH1Q4VN4=":{"valueMac":{"type":"Buffer","data":"qm6Pqo42wJhstt00DusOwtgWHwifZvcln42ZsXVKYjw="}},"JhBTG9dpf5hHDN3NyTc3Q1kxbMzsHW5j0m2OtSZDfLw=":{"valueMac":{"type":"Buffer","data":"Pl8Nx/4K53Yy6wkyqfWAd+nG5JUnv4/x4mp4OSdfICU="}},"J03flz8v2RBSecRKSknMwdwUSD0/X7SWuEZgH652QX0=":{"valueMac":{"type":"Buffer","data":"mZnckzIY1JHzof3V2Ye/gGgE7lLgiiItIGZsJmndDl4="}},"J2lVlIh6A2ip2pLFMBqA/Dwk7wxWEbmFBQ3jV8S9iBA=":{"valueMac":{"type":"Buffer","data":"Xnt5d4f8APFyZP3p25x5ffL/DU1qVd+IPknLoCgW9EQ="}},"J5HkKGgjqVywJiJFA9k7pPytiuetZY9zwlpxL4ZCCdc=":{"valueMac":{"type":"Buffer","data":"k/RLeOYVfiEKPXiQtouqKkqc+gwBJs40wK2zgWcPMHw="}},"J+hIHHtX6F7T/q50zq29R7YosAWPbEc2Zp8k+zocYpw=":{"valueMac":{"type":"Buffer","data":"ClZTpjAiLkvZmig+p6g2Q3FTUfGtLQHjSgMIZm17Pfk="}},"KBHUgWeWRWfFJXgUEES7a31LwViAfCzxsq0nqg1Iafo=":{"valueMac":{"type":"Buffer","data":"VZcjDKb0K6XHEl7m04qy6NGK40hVwZhjspjQFjdgbRE="}},"KEo9os+mNWFPWP8gX+qwrQO3vSmsVeG7rOkkshFc7ts=":{"valueMac":{"type":"Buffer","data":"s3bfPPFX3qUOGjLl2MAa7WLBqE7jKEeRjPlbOdLfgRI="}},"KE5D10CGohvpGLhdTgf6TuAD2GHpObhXE+8HYLeCcTw=":{"valueMac":{"type":"Buffer","data":"l9VXkEflPlEQ4akMVlP3RnUiNAFSrnJ3Xhm/d0W2JRo="}},"KjTzR3a9blc9Dhya5OYvk1NGlXbZlplY0kuA37tydOU=":{"valueMac":{"type":"Buffer","data":"19ybPlDkZnpaJ7QqL2KqVm9FRN51XQe2UOhNNuF0qNQ="}},"KkLqi0DQ7GFbKXSXmhBmrnHRL7HABmsXtAZWetJ1KWU=":{"valueMac":{"type":"Buffer","data":"X95MfMHzYlZGLpBl9sWSPUoBdwbG+4VLJEIcg3BLZhg="}},"KrZLCT3g7pWCt+G2bh2Bm7b77rdrkqq94CJ1J9L+SZw=":{"valueMac":{"type":"Buffer","data":"d2FbJI/sceWslPcn0puwKKZGh+b7tgYDzTDyJ9HRmOw="}},"LEd4JfBTwqfeZTi/Anv7KG3YioONLpYZcxO8vUsqRck=":{"valueMac":{"type":"Buffer","data":"GtDlrBMIM4PrQZb3MHUkuz/dnwPFLnrRUUmmYat0ppI="}},"LHGbEDgY5uSMYj/v080My2dwd9xG5Z8YsiyvHCNgaos=":{"valueMac":{"type":"Buffer","data":"NqqLZ7j6JEExuBVgc6RIbAF0bwNBRbj2JfrgQGpODJI="}},"LWS1zZwUEhJ5Pj90FcF25AiEuP7/5gWe3XIRoe3Zp7k=":{"valueMac":{"type":"Buffer","data":"EMi0yJu/IJeUP41Dra5oEmRL8PBRQlhmkbYTkrc3LkI="}},"LjcV0Zj+WvznlgU+bpZ4PPlx+C9GFfKl1Q6/dOCr2DQ=":{"valueMac":{"type":"Buffer","data":"fAoP69/0paORFiwmctATnltcXhHwLnNDWtl/KfHLNU0="}},"Lu6TNfGERY7otzVqwXvMwX+fkeVZcf76B2FLsQrx6ok=":{"valueMac":{"type":"Buffer","data":"POG6Xzrp9oLfzRCyTq46bZzB5uhwLYVkDf/VrgVWgQE="}},"LvaAcyvNOzqRVvxpyRoIVWRGA+JuM+U32oAUVnwDpsk=":{"valueMac":{"type":"Buffer","data":"gpPQLytJfBT+i16r15/arNROeJT9XHrdEzGLLiow1Rk="}},"L0GW8nic1upOVCUTd5jxqCQzP1eog0OplDSfm6Kltq0=":{"valueMac":{"type":"Buffer","data":"XpBohdgRgQ4qFQhgv1aK8wtL+MWDzNgZRHYbZeYjah0="}},"L7iL5zLF/a0dVJCYmNJcrOewz6iJ0wJl6+OV6760PaA=":{"valueMac":{"type":"Buffer","data":"ghgksKUlY2iDSJf8nIwmri92ZhtAqdUEjuBxgqx3f8w="}},"L8cxD4miwjUVZZwHuNoe94jTErANpyo5lZj06FeOMVE=":{"valueMac":{"type":"Buffer","data":"kmdDzndjKtmIL6+EACyn+vyMLBBQQ89IwjL6f1+P24Y="}},"MAcrXw5j5zKM2JdpbpYh+AOP4zz62W4Jnn8ATRohEdo=":{"valueMac":{"type":"Buffer","data":"8bh/Vwp4j3IFD5G1wgxZD6LNdl5E8Xiz/fXsYRCbUCk="}},"MIM1scFXk+uOBu0LwUEngwDkNm+CySkIx7kPOQSncl8=":{"valueMac":{"type":"Buffer","data":"1uEdaXua3yfwbx0ZBphNK0J2gRTwWtlCDmMZotZKKVw="}},"MKbZ1ewRm9uNNclqBKbv7b3BnKqqKHwwnko7PW6oEOQ=":{"valueMac":{"type":"Buffer","data":"8Vc/YBlLOM4UeWEClV9xhxsa+OK86Md5tPp6Xi/SLtE="}},"MOUCgZdT4K1rd2oyVD/N+z47ljDQn0BM4afymHZLKsw=":{"valueMac":{"type":"Buffer","data":"FFltyYUpHO19h4qRPG3M3Jf5qwOeN9Tk8fFpZ60chUc="}},"Men832CVYBl27cGijCG4ON0NjbW054En3VTD3tK5sbk=":{"valueMac":{"type":"Buffer","data":"HdyNZbwddiCDh/+hdQDTL0y/46xQjrS2tJMOJCdyif8="}},"Me8FiMgxH4UNsqIb3XqTHW5u/ancAPcxw/CkD2CkqX4=":{"valueMac":{"type":"Buffer","data":"6WNTAEa9RR942jHUNiWWUUlUMLvLtWAT95LClewIVc8="}},"MkiTpRJolOFE+yariL8EuSaoovIKQE5CEWhv4Jp/AJ4=":{"valueMac":{"type":"Buffer","data":"bdGxW8zg/l9D2YqN+S7JUuELNW6z7FgZcbNa9wfs8zI="}},"MmiTdKWULf2Tx1gcq/hKTpRL2KzQpDtYnggC+PeCjzo=":{"valueMac":{"type":"Buffer","data":"2cCBfnbkZ1CrsHuJagG0PD9lFTWEKRSMa8Zok3YnhXk="}},"MyndRVtBngs7R/cnbRo2/N1O2qGgYNrgwX1jUKKa/yM=":{"valueMac":{"type":"Buffer","data":"t3+OBFHfCSwZZebYIq06plA8TU1m05ee2+enQBykxUk="}},"M61CcaanyZAiiI+g9tDo1GLk4Z6JXdpLnKurE2+xi4o=":{"valueMac":{"type":"Buffer","data":"6+OxYBl9DokKmfJbo8oJCMnplPysJTTZJMbVUAz0Vzg="}},"M66fZta38adnyYg9/VYL1pPSEDA/4U5G6VLouiNGCDY=":{"valueMac":{"type":"Buffer","data":"bic6M2TzVpUz0xS3MYMsdi6OaIJn0kPTKZXdsGrwdRU="}},"M9r2FvWYGd6dnlytbyckjPXW6H2v+bhq9umtAuA95Xk=":{"valueMac":{"type":"Buffer","data":"Jmp9GW1JPtGQO18EWKALR0SL22W0+KcgQFWlM498MzQ="}},"NV3iC+vEWQVUFd9QBbWJpnxkKd2xj/lbimIWOSRJeb0=":{"valueMac":{"type":"Buffer","data":"9Nz7DoIGFIDNB3YbJxhxFFNX2063kbhuUN2m3A8ZXe8="}},"NV4FrAbU+t0cs4OWedmvHy7bB1VhKt+TW+y3L6Yki7I=":{"valueMac":{"type":"Buffer","data":"b4rsbla6A/atOL1K1CLJLN/HFgzXLhgRIR9UrpDrdDM="}},"NaKUC4oHTKpr8WN/ilLdql50tY7n8Gu4Nxu7zpuV89E=":{"valueMac":{"type":"Buffer","data":"4+pI28rgpEHV4+YXDvDxugry1IDQU8cUn2aCbHSUOO8="}},"NfRbeDhGN2/n8JSVhmgUrHIM9BUDYHWQMHtbopsUvf8=":{"valueMac":{"type":"Buffer","data":"IGk2oZ+uXC9PQ9nci7F8o3KeCHKvWOj2w44Tb7LJPZE="}},"NkaQZt5UoO58+fK+wkw5wJTStUWloyd3guwmuzlHamc=":{"valueMac":{"type":"Buffer","data":"7h0TpkoM6TyYC27g7zHAOwudunZoP87Te5wH+qdOi3w="}},"NkqqDs2AE0DKeAOxRnTGu50az4xPxaJde2+NjYFkFwc=":{"valueMac":{"type":"Buffer","data":"DgJTkZ8VykM4XZ1v85FoDx7dE4D79/6bwvQW+fguvfQ="}},"Nw1HbupSvGu+p1m+vIJFa9X9JBzmK9+AdROPM+r8oR0=":{"valueMac":{"type":"Buffer","data":"ienVRYW/mFzNWhLpB7Ij0M2BsdfU3oZJezg1KAzM+CM="}},"N4dhUy+4Ed5ebXk43UOYWTjnAKhl2II+jS8g5fo9z/I=":{"valueMac":{"type":"Buffer","data":"fmOX6Zs7yq4jkNAvLUj/dmhoLBxGPMhpTbqJVt6ij9k="}},"OC/Afk4Vi62BY6iX6N1PrNuF9vkd9rE9VMObaO55zrk=":{"valueMac":{"type":"Buffer","data":"rSZyZdsitdsU95yB0ygSFgrEl1CvtQJi4K9NHPqXZEQ="}},"OE0+p6o1uZCWtMhQFsQLRT3s5VWeyeaYvcId76wXW/g=":{"valueMac":{"type":"Buffer","data":"fzdkqb2iL2Lrej2gQAtpF4kWMAbGaq4Z3ty5TL5BZP8="}},"OF/YR3H/uhFoIcdrtCUEmp1H30lLNQ/NCXq2BAg6qA8=":{"valueMac":{"type":"Buffer","data":"Z3WNIsbdAqofoWvoOqs8b0vIw84v3iIEPTRAV7EpNVc="}},"OIftSs4OPIq9ZlRixCZS8OD4twN1KyjZdyN+8UCJjg8=":{"valueMac":{"type":"Buffer","data":"ay+XNe3ATlm6TjnACXeDLSgm6YCgsgHxdi50w1m6nMQ="}},"ONllYJ0YxPtMvcJBoAMiGsUKUJNWhuknmEFcph+Sa38=":{"valueMac":{"type":"Buffer","data":"7RPmqyGic3nqszl+EZg2/jgSLzbJSjBMFr1F1SEyVA4="}},"OUt2F9uGFf9ZIVQFQf31/3DbKTlvOfcQnnz5Jye5Haw=":{"valueMac":{"type":"Buffer","data":"Y+b1BKQ/v3IX+0xkhqbD97xJWEwroug974wk0FLfap0="}},"O2KjNEYKpmBEVgI6G/ofwe0g7wpvwk+ZSa/1BMZ8vRI=":{"valueMac":{"type":"Buffer","data":"7b7qgGkNN0iHQURjr61cax2MNGS1m1Ohpjj2LQMrypM="}},"O5yt7UzPwOrcqDHun7XbFFQD1qRxyscK3q2NtH5SWdU=":{"valueMac":{"type":"Buffer","data":"SfN8fTgTP/pXCx27Gaps85JGBO/dOXsBJ94nW6oLy0w="}},"O8V790JPxbKltCwLYgJ0cbugD6zcDknjR5AGAgvuu0o=":{"valueMac":{"type":"Buffer","data":"7+IN3gduoZAVwSHIj5OmhoBC+ovPDU2aqMWvK5BVgAw="}},"O9KU/x5h06cFQtNv314REdZL08goq++R9UJSos11PI8=":{"valueMac":{"type":"Buffer","data":"HbSYsOf0qDWkQ4SoxEq/V3k1uWiDdeL7xJVwq58pykM="}},"PTTU0DUCH6z4CHGyb+Okbz/W8bwBnevQvmC98NkWgjU=":{"valueMac":{"type":"Buffer","data":"9cIwfvrvg8XTMRBUnqoA5k/HPuvqdIVYMrojPa/Mj2s="}},"PkRRJUICiJX6owsz9F/MJvOLG/vqKvXaloBZFGOCAIY=":{"valueMac":{"type":"Buffer","data":"SEQrRZGOjSBlOA3qBr6dLOkYfUUMzhF8qSUqJOyn+ew="}},"Plg9bnvZNaH06vqacb5mNPiDD26JomPvIz3L8KykbUk=":{"valueMac":{"type":"Buffer","data":"ulPV+YsbPSaa+rC/CH3dBQWI8Y4CYdPxs7e+nS/8/7A="}},"PoUZs30/GqbgYl9d4p/8Tkw144ZA1cwkwDtMTJU5pZw=":{"valueMac":{"type":"Buffer","data":"LZiK4uqYc0yyMj9kivA+wjtpz7Ams9P6jkNErmN2KPA="}},"Px+DxdCDhuDJUHAHq/O3cGrZyCsI3RxkYCEBlhqERT4=":{"valueMac":{"type":"Buffer","data":"khJe7P0lXFs3QL4H9yu2IRNFdT8aqLxsWmOw2IVxIz8="}},"P5BWqrK+bZtoDhwNqBUocG1yXzpjjJr5gZlNBP6ZGYo=":{"valueMac":{"type":"Buffer","data":"FAFm+ZYAf7XEetVUxfP4Q6+Jp6RcUqaU/Rqhe4NRcaw="}},"QE+Gps9ePomGUKOraLKL+Q14HnmRnIFrstLR2bqFPYI=":{"valueMac":{"type":"Buffer","data":"6VjZGiMP4/IyqV+F5sl1ZDhZyzDNNuIyrtyWTwfhGiE="}},"QJtQbNSxlGaVywhE7hizZF6XU6Gsk7q9b27xsQP8C1A=":{"valueMac":{"type":"Buffer","data":"bOvXt/Cvr+3IvK6WKcpEeqFHtjm8QoXoGvrh5DuyExg="}},"QLMYM18fZuQMH0sgzhG6hig5DvgPAgCbUAdB9xg2Zts=":{"valueMac":{"type":"Buffer","data":"BMDAqrWZsLWChx6Kp+3cr7oJRYzgn7iG87NjU0BxDxQ="}},"QSiC3Lp5CwRC+4utQ1DZxWDbAcHxjlOLMd7lqtb1A2o=":{"valueMac":{"type":"Buffer","data":"BikOHyUehJAAC4KLTqc/S0SA4V7bm52mrm03ceo/uXk="}},"QUdGcHCsZClHGVkrdQiRvo1QRvUqYCsfJthFY8rbfK4=":{"valueMac":{"type":"Buffer","data":"1THJlLJz6AjTEe2ffRyawyS/jS6PXbFtrS0HZDA41E8="}},"QgLdhXaowPaGfLP4XcJ9hCleOj04EbQLjdnpCWXv0lY=":{"valueMac":{"type":"Buffer","data":"9YcQticAw0vmyEWUD8pXNBRHF5YOgDfGShPqKIGpd9s="}},"QhSQZTvkS4ba0R+vTXK45rs01V5cgo85U8dS2VVgUn8=":{"valueMac":{"type":"Buffer","data":"AvEi3mHJeThr3Tpd9GjNvVR1i7pVoiPZfecXcrZKc5E="}},"QjiLfC2uIBjJUWFkJAjfti6q07yVgDmX+1G6h2OhAzA=":{"valueMac":{"type":"Buffer","data":"lwwMK/KeptG4+8+utzDQJhfDq6/9ikRVPSgeEMOUD6o="}},"QpJPIfSbeJJoa3YaFtMqXmtrHiGcAuQBOdw0eSUnux8=":{"valueMac":{"type":"Buffer","data":"Cb1XddF06WXJ0rj4wVuMAHrEujqH6iPCjuhYQm6nsrk="}},"RQ3HJg1Usre8miiCISEVdioycNPTITvPT1CJEw+UmNY=":{"valueMac":{"type":"Buffer","data":"y22OEvvxdmOj/vsh5uJclgz8CdSbQEEm4j28I7IpcP4="}},"RRnYwfds8Ks5q0CEZJYaxiw3Al81V1zJZJEjqG+zFQQ=":{"valueMac":{"type":"Buffer","data":"zfyZo34hlLbsOzIETPgIAcExkm/wvvl6ibG349GtL7A="}},"RryIAUe4ncnGHI0xKRHdDJkfyFjA2YPDGpBr+OWkRyo=":{"valueMac":{"type":"Buffer","data":"cjuznvBhoEs9PSI/I/I0kafweFJqxJgEFeGWgQ6yW+w="}},"RuJhspfnPnrXYUsDJpU0JUUCpGh287YGxwfJvyrHS98=":{"valueMac":{"type":"Buffer","data":"IvG0ckhcJ0KVJ4WAM2uhPQssaj9ZBxsuWrwQhTmjRRU="}},"Ry23rSQavO6bYtcSaOZDCzREpzNCw4wAM1hDx4zlBiM=":{"valueMac":{"type":"Buffer","data":"/SuCbJIrN+i12MyLqi0+N9Z4sO77J2UwV1u8Oa57Bww="}},"R+0MmrMpnz2Yd7QSDZXwzPkDfgJoTJcUQqllOqwejEQ=":{"valueMac":{"type":"Buffer","data":"IgFRwuyAKdku8QFYfJGn2HNAKKN84XlqdLRnLSbq+uo="}},"SC7hDTcmm4IUJ03NkcAu3q0Adhw2/p+Ws23B/w8C/3o=":{"valueMac":{"type":"Buffer","data":"WcHzJ95W8So5Kurk+Jh7uA8l9Xgvgx8jXp8jP7HFweQ="}},"SF4GE5m7w6fip1pRmRMH7UgJukiSV6Sx32GwdCBYdCI=":{"valueMac":{"type":"Buffer","data":"BSASJnv2BirzXKxy1/nyPH0uU/fXD8A3rO15cINQEww="}},"SGInFm4ZoIqQoKYnrH9u/EJl7C6J0iQmLR9IcuzQ9Nw=":{"valueMac":{"type":"Buffer","data":"XrAasLQfdM56i36nMpoUdal4WbudNr8dx4nfxy/ktCQ="}},"SHqRkPuTYWGUz+xeVlE4EgLHaVpNnmU5ilEnjgXoawc=":{"valueMac":{"type":"Buffer","data":"yxkKikCnWamc7HWWqZ5e4C652HZAtPlXdyrObOo2LtQ="}},"SL6HedA22R4iWTUJMZLCpXcfbU46Hmad2LCmoBPqdwQ=":{"valueMac":{"type":"Buffer","data":"7hv6PlrMZnm8SyYNgb2cLBy6SDmuznDH9Eoj7RTtSKg="}},"So11/NGyfmvPu9P5lDWmZj8XpFGo20DXsxTPsyh2teQ=":{"valueMac":{"type":"Buffer","data":"POyJ4hPt2Z01kQ53Y/2QBfZp78UTQESpkIhSPXjLfv8="}},"SvmfdzE2dl1GaARWiQN+tkaiz0fNwYXBf7LHJKky1FI=":{"valueMac":{"type":"Buffer","data":"BJxJKDy505uC7xWmypTPvm9cFg3KJ+ST/xbuUKu/OrU="}},"SzWYx/P6HziyKO4n9JX/OQhVUEsuw++HXm4a4cwp6P8=":{"valueMac":{"type":"Buffer","data":"WzwQTYqmeQH+vAegXkHkvdsKKN/6x/avriI8i56qBb4="}},"TDNxXVNCBd6ggC4Pg2xM7ZntvoPDKv4zrowv/b1bR/0=":{"valueMac":{"type":"Buffer","data":"WyiC4W631EyzGDIfXLdCYgRJLcIU/7uW3iMGJVU6ldQ="}},"TRuOlG6TZ+yyGbbVz69jcqVhLzYzA9uKp87sIjyoz9k=":{"valueMac":{"type":"Buffer","data":"MQAwuubBoMxOWreT1J/wnGnLaPNfeSLlt7d7RXLSNFA="}},"TaDYhZc/Va/P222ha5oIIpIrfREPuy0YPUL6HMItEow=":{"valueMac":{"type":"Buffer","data":"ReXq1pMUxZNkay8+iOjFr2wtav/q3lmSfShIaGb8UmQ="}},"TlDFQoH8s//9dfTzuJvL+qroccQrcTSZogvGAI/BPkw=":{"valueMac":{"type":"Buffer","data":"HR/Kh3Dn4jduhRGd8klDn1Asz8xtjoEsR2ijWnrSVCc="}},"Tmz7QLq/x+aL/jxKP+o/zelDQ8yhXQLePb7cJ4gCCAY=":{"valueMac":{"type":"Buffer","data":"vbkFYaps8jEvTlWChVeRJ71UvAuZcx6xPxSomK0pFl4="}},"TqlG5895ABRkhkhhAZiARy7RJBmAahqVZwMIIXf73aw=":{"valueMac":{"type":"Buffer","data":"D4P8ElH4ZcUpvkTPoioarp3kd+ObWLQ83cgb0RGGrB0="}},"Tt6RKXN9J8GcIw6xc+lDfsQP4uYhqRCbeE5nmmbo72Q=":{"valueMac":{"type":"Buffer","data":"0JsDa3uzmVktuawSqG2CQI5W0uEMr2sm0Vwg5w4pRyI="}},"TySf2fEdeaN6mZ8uO+Z42ghEdu4hN2CQI4NjzTKS30s=":{"valueMac":{"type":"Buffer","data":"xA5LEcW7FTG3Y/686ZbhfQq0zB5OvnDLqdcvU1ZZW/Q="}},"UAlsvYftuKMivoj6yggw52xsKWJIbFYYiKk8GPK/JyQ=":{"valueMac":{"type":"Buffer","data":"jKsd9uROEtnWPEj+UIKR0eaOp6qbQmzKECaePKUBcy0="}},"USia4Wm9VJ+NIMw+OCMBaCb/20hMCMgzjNzV1uqpl04=":{"valueMac":{"type":"Buffer","data":"p2qfyFGDQqw+HbC4Z8DbycBsRZ5CncN4dgQ3RgCMHGo="}},"UWTGtbbPHnVqG7HU4i0W/F9TfbSNI8bw8fcm6d9kGgU=":{"valueMac":{"type":"Buffer","data":"mOt58V7dsTLTpNxYUdXZBj62ccqbx2xrMBOVsuFa4Ws="}},"Uups7K0arWfuAaeyXJhQ5hnyTfnOB1STX44bGU8Wins=":{"valueMac":{"type":"Buffer","data":"YPQCsLtvC+cD30LfnQ3U9ueXCSdOR1GHOAEBT9d5gWU="}},"Uxym8JMx4eqcmbl7P6adM+gxFd3fMvPKQYJ8amkWbqs=":{"valueMac":{"type":"Buffer","data":"ZB4HNPRPyIq2idLn4z02BLDkV3aySB6zKcHlF0Jvzmg="}},"U7brz8qSwcGfVhOcZEzcX1am/ahSXiKenFtf7GS6SDU=":{"valueMac":{"type":"Buffer","data":"EdLBG8NvbGznIFqeFUQHzRlSZ1omQpUInzoAbAXVLgk="}},"VH7EuX7sF4E1wtQqp3VKDKgLZJnQpGjTvF6BHns/XLE=":{"valueMac":{"type":"Buffer","data":"hdX9e9V9kOvq/26froi4PB5fQ/NqY3kM/CYqWFM2boE="}},"VUBIW+BEeHWPpnUK7lfPDaplKmnPdyAjeAWdd1qRzB0=":{"valueMac":{"type":"Buffer","data":"pVJIV2Tk6813q/fec7eqq05Z1CUPA1aZ0fKtWmOG7y8="}},"VY+uR7b1eey+XUJG9wmLPVzHJDaRgYtmvdMlCbXAKT8=":{"valueMac":{"type":"Buffer","data":"kCEPwQ6NHn7Yae5itBlbHrJxjjV8PtxkaIKoBgq7aXY="}},"ViSMm/zcvxV1ai5phQEGyY3tY6JxH9MP4LSkG3H2m58=":{"valueMac":{"type":"Buffer","data":"fASvM1uiB7OwIkAHCr93Pqx1fQ2M7ecsTqBkV/I+Ck4="}},"VmrV/wigwqAQQb8UAPYnb/nyjXluy+CGxsYxEe9OQ6M=":{"valueMac":{"type":"Buffer","data":"LphwfSoO/VbN0tGLSoXIsYXNe/6kVjtUfqeGA5SzbUs="}},"VqXmvse6PMgAI4vJNaypdfDgwG1h/rn7E5v493rz1TE=":{"valueMac":{"type":"Buffer","data":"ilvaBtGVGw+Io83ZHIAB5bZcPA0JwHUeXUwTDBDJjSA="}},"V0lrhEuh77yz/RQ3e+G/F7in/D/9Pr8G11kquQBm4gw=":{"valueMac":{"type":"Buffer","data":"Krf7yC32oqkd8vG51TwXHfDkrUjyPES5ysQi7cgFUck="}},"V3CmPAUhIipfawiZazgtjBpkOK7qTZovGZfRpXea4v8=":{"valueMac":{"type":"Buffer","data":"IVQ+PEBaUMqMocz0ekI7B4WAxJoF95u9oH2PLo/lwnw="}},"V3aX40aBZ8VHXJOYma5JVpDu1Gj4I9K9mR/+8bmPGpw=":{"valueMac":{"type":"Buffer","data":"1jXASgMQEj7Qp/f0IvAIW4xcAndV1K4Y9YyOk6huHPI="}},"V5ECE2WBTUPQb5c43wT7NduJfGT2IKTsQDw8pPs8G2E=":{"valueMac":{"type":"Buffer","data":"wIm/CtLqgxNGVxb/uehbXwPCOilDHulhd6xZ8D9zI8Y="}},"V80zgq7++L2s8wVTiaPfsZeOO3rPkfrLQGa3V2c+UJA=":{"valueMac":{"type":"Buffer","data":"HpAc0InLDqMxW5rGLAET83F4yNR5B13zpmVYWWlhtBs="}},"WEJyEwsgbGZbOM5W1hpP33Z+ifycFXKXGbJnPGwFy3U=":{"valueMac":{"type":"Buffer","data":"KpRZPH1878WSwQJsqY2+u/IX1X5YzNPgyXXOr96ikk8="}},"WaZlnhB5r/Jb4PEZAquclCDVtorDcuuqkp7f+ntQ0i4=":{"valueMac":{"type":"Buffer","data":"ImLKwbPWa4EYUGl0XpRsQXGiOdAFdRViBhSNRpeZczk="}},"Wkxw9eMeFd/8KUeYgAESIR67vhsjgVsK6U6LlxjQnlA=":{"valueMac":{"type":"Buffer","data":"dRl6R8Odf//OksJH5inch7Br1tcsl8V0uBFlqmF2OLg="}},"W0AFSdz8vgy3ZA/I+xovUT31I62D77skm4xUMgdisd0=":{"valueMac":{"type":"Buffer","data":"H7YJWbsa7lfM+8TkiKYf5yXzEWLV93m1UXMohqXJHGU="}},"W2bgrb+Qlyli9nX6dnAgzbKJsGafbb1vK+qiD4e/gaE=":{"valueMac":{"type":"Buffer","data":"amDElhyQMirPFd16rj/FPRZFTM+Cdvxhw2vPL8Z0BOQ="}},"XDixuIoFc98pyJnNBBzbeStvMoRmt7Pc48aU7qHSGOQ=":{"valueMac":{"type":"Buffer","data":"d8cC/sW1zvd96EqCHAQpP9ijM+oZpOzenuAeTkYnkCc="}},"XPVh4Q2we8Og/ZW+98p+sodqsG/RLSBS7SnRT02gH4Y=":{"valueMac":{"type":"Buffer","data":"yAuOiHRO+9vnmqHRLoKk5WEOx8o7oyGHYZG0XZLXyc8="}},"XTZkZQ4rPbqjQb5xC9kkQiYxJQkepQTsvJbUupH2J8s=":{"valueMac":{"type":"Buffer","data":"VQmgd2ztFgCqz0CwGHf35Ie0qnBC46h2vhgfFSygJ98="}},"Xbh8YlF4CsRPz83bZp7WB6nk1E/ptOuYVeAgqyEDa+I=":{"valueMac":{"type":"Buffer","data":"j/C0LIHgdsaHh+uArZ5A09wApaVH0ZTmQL9PwvlBANI="}},"Xe7p2BWmrQZchRmoaP19C/jaDbT3XYeJDsDcrUuqm5M=":{"valueMac":{"type":"Buffer","data":"PE9JYtSTrgCi8rFmHdutHLJXJU1HEROIEohusXcdGCE="}},"XoSu5QwHSkYWiWCnM6gzuMeGUnJ8AXcLb5QYb+XyCHk=":{"valueMac":{"type":"Buffer","data":"Pq68P8/JcOobKGozDPuTpreg+Z5D1T/68UxM+HGsoFQ="}},"XuEAsFKrUQXbJFE+d6m7+b6l7Q0AAJzs1yOsVItetys=":{"valueMac":{"type":"Buffer","data":"Q85NK5Fgr+tNfrNvgiByn912d10kB285eo8InjKNV4s="}},"XxGJGcV4r+xmqniqwewD1x49Uueai/ibmWLK2/KFGGc=":{"valueMac":{"type":"Buffer","data":"V91KDlCWWU3MT1ioL42kRgteP2YrzABgE249VfY9cW8="}},"Xz0dYrSOpXTQrsfk0ip4WXpAFNWuvGW53Grc4moJIK0=":{"valueMac":{"type":"Buffer","data":"oj5vaHCqTtbC9DWwXUPoGLcr2LLG1sZNiX0RyKIHNa4="}},"X3GncNs5lCXW+FgqtA/7y4jPwEGsTpFpHKZFVpUJGLQ=":{"valueMac":{"type":"Buffer","data":"n+vEn+KchQyTQ4U6YuGwMWCnaRMJK+i+gOFAmeaV+NA="}},"YG9O0c1Vz6eYGx4Xs3/3ciJKAkq1CRiKOh0PJ5lTLxk=":{"valueMac":{"type":"Buffer","data":"UkSTwH8mxvlrqkZ/LFRc9DwrZRCvYkVMk1WNH0GEYD4="}},"YND3LP0k188cZZLgcEqUYjG3nfpUdDOjcR07VDcb9Ng=":{"valueMac":{"type":"Buffer","data":"ZTd4f1Ut34HauxlJ67V3qrjbL3WgBxurnju+2mtvXZU="}},"YOcwW/idkagCsXk5RNiZiwgwHxih0cZqDTV3fWBC3gQ=":{"valueMac":{"type":"Buffer","data":"JMV5orEePEpXrip1OGDFGfAFQhlcs+H6FBG1jBfNNSw="}},"YQNMTPsgCVwnGLvzbRk82OYxAlZnM98vsMo1T+yGvGY=":{"valueMac":{"type":"Buffer","data":"SF/v7A/bzljPDiABYD3YJuyYkdzlh1KEfIZopIehGzI="}},"YWE6M5vPLXHcr2pEuEBhm4DJauZX9zh8USyJwqIeJ1U=":{"valueMac":{"type":"Buffer","data":"wd6q4Iq2J0V1YAjDeDLtje5FmOQm0BqvOUwmkYkz9MA="}},"YWbcpiQhQEZUNrlnZgFNycJqNv58wufVxciHjurUqfU=":{"valueMac":{"type":"Buffer","data":"SUgL9pm2wCTdpqvgrwAsYM6N6pWkSi6ZkHUOgiuxYf8="}},"YaG1UqL/wllCDGPLB8zKVAXx/AGbu7DDbTi/1Lfjaqo=":{"valueMac":{"type":"Buffer","data":"rEApt0+aCxOlhHRBgf6nCq7SITU7eAyJA8CteSo6VLY="}},"YdSKM4TDowIcoTLwHMD33C/VKxJ/AGtr9TocJOYXEvM=":{"valueMac":{"type":"Buffer","data":"hdofBbnFnQksm0PvKT93wC3+opBrAG1U+87iOxlMOFE="}},"YloDwItvf5+nlI7yMco3pg7MSAOEPysqbeRI7hquDeU=":{"valueMac":{"type":"Buffer","data":"GRrOumve1FEw26JujNR+G9FGvdKgKiUoy4y1CQiNYEo="}},"YnYuBtiRYlSK5AF/PPNIMm1MpegY3By0tEapeExXQsY=":{"valueMac":{"type":"Buffer","data":"Ey4NYJLQQqzHoz3F3+J5zsvhub30WpaUY0pDG0/hLZs="}},"Y0xayzYPLRy0CrPa/ezQ7O42Z/PghiTgpngJ/i3lqFk=":{"valueMac":{"type":"Buffer","data":"POk+1IdyQ06Vyg6am+eja+7KAH+Alc8ksCCB3i1x3ag="}},"Y7eQ1lIurSN8ish9gH2PJzaaT03qWOHkBv/Vh7Xgwdc=":{"valueMac":{"type":"Buffer","data":"dwmMorQY7vbPD9hn8yW4fJQ3UpJvIj73/4XcYYN0cio="}},"ZPu5/LBJ8M7Zn6AIBOFRuvGUxS7ZZfCjcLr6P7jYY58=":{"valueMac":{"type":"Buffer","data":"wsT++eyruyd7+VyO8GtfvVr1v4nel/MkMjGbqRLDphk="}},"ZuRUZclqkU5/n35gf6dHOYidjdXQ8mPU5qjNTrU0p8s=":{"valueMac":{"type":"Buffer","data":"BtwM1T70pfd90r6iMPjP5ua9Fv4kJqyaLUaa/GmhnEY="}},"Z5nwM6AaM6I1WMKU27lzsQKum0PM1qV0WgWincsc5ps=":{"valueMac":{"type":"Buffer","data":"CVY1PFhvyzrkMYF+wxyXD9Qmh1vyGS7OQU+c8ANimZg="}},"aG8eNblsYX5XQGQieCe0Bc8uIvfNKevNI3XQ0Er6r7k=":{"valueMac":{"type":"Buffer","data":"TF1wMMBq4sWT7iFP1E33KrWZ0gQG8a7FAh54gSFFIY8="}},"aLAl4mSAH2x4hfH6kmFcpUsVnxLmTbcMmmixITvPpkc=":{"valueMac":{"type":"Buffer","data":"j1n3d57a0uFpHvtg+nRKqabjBHlYGqEnRd6T7sT8DsU="}},"aLF4qKp3hj1f54rT1rLTTh+RDNZWEvKf2G+SJ4IrVYM=":{"valueMac":{"type":"Buffer","data":"LPt4tzXAQJLM7ShY5wspgRsD0tqxtSH0pwNp1dbISW4="}},"aS08de+juRPSk0mmc970t4yzpnnGLyoA6NcNLnC8sIA=":{"valueMac":{"type":"Buffer","data":"af2XTZEz7ZU4sHCTtagSWvEvKWP3xLgusLYsWk5CV/A="}},"aUquc+n89TcgOr2XWQMfNIPLxACXFMauP06jZoxi4SI=":{"valueMac":{"type":"Buffer","data":"mmlwRWwuueGAey9U8NUbFlJ7XpLnTMcPX7RVXAkpMMc="}},"aid6TZTuDGjnwEwdjjpHI0hP8nNNFd2YvwpgVTNGEHE=":{"valueMac":{"type":"Buffer","data":"+H6v94B+J571S3WBmj6L3nVUaCYtu852uysIMrIZ/CQ="}},"an9zrD8IoA2LcHJAGaM7693mi3463tHiMA1RrWHq07I=":{"valueMac":{"type":"Buffer","data":"UuyIDdBGRd/ghKkxLxLy/VC+ZrXVBZLKOKftEt4GloY="}},"bapgd6fEdm60aeNjKHFWYiWblgLQKGDXz72tkAaDicI=":{"valueMac":{"type":"Buffer","data":"2a3yiFxLks5F65iLvrNOlMzCQE3TQcAEcsJRuWPKrVo="}},"baw67R+8oMiPhYVk0u1C9FFdeuZ8EkPflQpLCK/IrqM=":{"valueMac":{"type":"Buffer","data":"uRt89EIOjFOUKWRtoXEGp6cQ61z4VWwVFF3wdaLPQK8="}},"bfveXtFxDKg+B9lv9P4GdGwgocp6QvOGlKMQR5k/3dU=":{"valueMac":{"type":"Buffer","data":"R4DhH0RCEOu/Aq9exkzgQ7v3ssPoWzFa6VLzR/cU3ZI="}},"bjwJynJa9bP12F2HfNQp5G5F77ifFbQut6Ax/95daRs=":{"valueMac":{"type":"Buffer","data":"tVQb9Y/EPeTZ37GoyyQObW8JzGCMYO2020JDZXTiMVs="}},"blBHC7dWvSAR3vnk/GS0LYBVBXK4Iyvah48htQymwvE=":{"valueMac":{"type":"Buffer","data":"vAX+1z+OgvwviaEpgh1+K/v4uY484/Xxk+KtHECvMPo="}},"bo1Pp0FAh18cPSA+Dq5slvaFqLHaH+/te80HYhREDW0=":{"valueMac":{"type":"Buffer","data":"IyCZO6Wt60VL1r2lo2W3ShdsEJNSKfaaMkb65WIUVHQ="}},"bq6k082wu8JSYefZOnL8PCroV9Y9W6aoL1aGhNnS/K0=":{"valueMac":{"type":"Buffer","data":"SsOQ7KzoUfSs9B8zWV057EwNosCWp/rGQIGbNOc4ze0="}},"bwZXEGb0ixMxwwEOpj7qG1UXgpagPqlQhFDk1JutcfE=":{"valueMac":{"type":"Buffer","data":"LZkbAxqp5vB/zfUQE4L5STlVOnbv5aWIx3ug6zTH/nA="}},"bw4KAfMp/iIl6rEXFBKBL3wHSQvRk18XRsxtT9lRWGY=":{"valueMac":{"type":"Buffer","data":"Y0AnhbKyTdqiqJuEj4nEbMe/+bUPocBQYOCf93NlRi4="}},"cImOF1IW5v9P8KGgVZfacfQS831qxUGfNVyWt0+tYeA=":{"valueMac":{"type":"Buffer","data":"ITUstLfDD7oJKDwiu/0Lsdrqd/7ucwMBdU69OwGd94k="}},"cIuI5CC732ioQeLprXwKljR5a4CP0bPzHVCfMVbmo18=":{"valueMac":{"type":"Buffer","data":"5tl+yhO6cp4Rr9PBzt+Q4dFENJWAcNVSNXpu4cEJC0w="}},"cKs6zOZiRzOdxTs0jb9oTakocHESNa/UOokvyn2TQDo=":{"valueMac":{"type":"Buffer","data":"zeyNwK8CiLuz8GB+p0GwbM8iNhkCbajS9pwBcTqXB2g="}},"cMTFFs14Tqszz7J3f+/yJTnDYsIlC2+33Dkb4ZNao9I=":{"valueMac":{"type":"Buffer","data":"hnM3Pp9LxzgWmeccOqqXeikcThz8SkN1Y1dOXNNOujg="}},"cSBaBGMdzUvuyDwzmuF7NdMYOiSqk5Cyhdo54k8hbNk=":{"valueMac":{"type":"Buffer","data":"029da/B0gcl7uBXwfnAO89oT8f2xcLpWKPv0xJXARjc="}},"cYTFAcvf6sNbEfe0KpBbF55WNEnkueqZeOV7cAjhQYU=":{"valueMac":{"type":"Buffer","data":"MR4r9tG2+eD3LXNJAwWieTxXbSjFbmGp/2wB2iORqdw="}},"ci1nOisb1Cdx/ambkZF4Raw4lUBT8+njwpHzt9MvqrM=":{"valueMac":{"type":"Buffer","data":"ln/JgY7o6nri2ClzhQRuLnaGzQwLxZAQnOnEun7PEuU="}},"cn240TdCmyKilzoNzhFGJGz14go16ky2Yle+oWwZmvc=":{"valueMac":{"type":"Buffer","data":"fb9AQNrwySzovFIopZMfFBt/yDrwp8ppBtScCsxpB0o="}},"cou95Dlvoxq4lfDzEpoHGpheBnPggiYpqmAPIA2O7Fk=":{"valueMac":{"type":"Buffer","data":"7b6IS1agQYOKs84M2veKJVDZ2vsTFcr4yEOveByH/Mc="}},"cqG36NYR38Erbl3rcK/L4IMHwuj++j8fBukkTplJccA=":{"valueMac":{"type":"Buffer","data":"n72lSJduu6Q1HVstqWvE+E2Izl3OSEP/gHUxIUWS1TA="}},"crHVj0FQxAvk+lDZ18GfSd3Euo98a2O9b69mdglWMTU=":{"valueMac":{"type":"Buffer","data":"/8l+IxxcgmRkrbMAGmyecbE2Hp0Z/oN2DmELzCShhug="}},"cuFyQ8TYogCdv2b5uLvUPG4yV/lGBk8o+YyTEx12reY=":{"valueMac":{"type":"Buffer","data":"Eyfh2035fq6Ek7zlmSsYx33Sxp1IX5r0ohm4II6YDys="}},"cv57AuY3+FZuZr1xphT8bdQAB6Hm5yxxJ4w6X1+UiAU=":{"valueMac":{"type":"Buffer","data":"Ne+7Qarm93ZdLFvzXIO0LokefvVMa78UA0hXleW78+c="}},"cyrkKdLZ3hNPCxdt7SafRoBKx/pj/Qmle10kPdI96p8=":{"valueMac":{"type":"Buffer","data":"93O0jae8+ToT6d4vKRzJV8SpK6Zw7DBH+s530YCyKHw="}},"c6IblbXxgPZWsvBrIT/S3tY0t1CtBzNvPQnt51qdTTY=":{"valueMac":{"type":"Buffer","data":"o+dee25BljwM35ZaM1AZGLFN7Y6OHaBUAoqgX9H5ah8="}},"c6XqJ9C9CPai9jkQdbqjKBCVWsHWKalMho3772auN+c=":{"valueMac":{"type":"Buffer","data":"ycPMzERh5j2GLUVQBnXs4ijuIs2cQguUXbzhePuKXrs="}},"c/lQfBEo0MB+sQ9hEoM33kPKtNT2+TZ2vAU9emca6Lw=":{"valueMac":{"type":"Buffer","data":"nNb2RsaecHBKxb0YoNVp8Zm9a7he8RjqDjaUkU8esL0="}},"c/qdCh/AmJhZDudo8adTcxsExGsaQ+MNoSFOa7DWL7s=":{"valueMac":{"type":"Buffer","data":"XbX3o1GoKuC679Cgr/g/OEE2Sa36HAa3xKdPLX1RXIE="}},"dIuafuZQQJxjxTwbjBd/hCR5ieyPekTN1Fu42JW6OGM=":{"valueMac":{"type":"Buffer","data":"6TH3kkh+yCeUoacLIxCV/HnBZMnv7CsHS5sI+anzMjg="}},"dKwp09342cvyo+ok1IHMQdoUxBampkCMjLaJN+kslzA=":{"valueMac":{"type":"Buffer","data":"JnWuj36sBwAzkt82GaJhsEKZwUbIEEz/FWIDAUsb5iE="}},"dQUZOrPQZo7BxpNKoRZfM8+vd9L9ARgKCI46q8CLnYk=":{"valueMac":{"type":"Buffer","data":"PXOnjB+y9ZlFxxaPiT9GuHrQJXMeoDeb1ysM87gjKbY="}},"dUAIIS61Nu7cQaFf9ANWHJNxHVpZPXllRpvR8cS9QaI=":{"valueMac":{"type":"Buffer","data":"4S1w/TFTwAfiYFLt+EVLmS/7wpY29G1899mxO8gMCcE="}},"dXIns1vVOPXtynGF1V5hb1eOT8cviYaDCCUAzuqbRRE=":{"valueMac":{"type":"Buffer","data":"ktlVnA0KOiNc5k1qRsbhl67/3aFIhkqH5hqHXHkxjDw="}},"dq3J7FfjzfUzajaS/sQ8EmkPt++m/1stusfcO8XglyI=":{"valueMac":{"type":"Buffer","data":"H5iFoxWT7k0raLt8q5E49y80jU4pIyT/yB0NYM9o8Dw="}},"dykXmuVXv0X+lxFtYSCthS/DAJaHsiZ3hs0M9oK3w+M=":{"valueMac":{"type":"Buffer","data":"fvumm1oOytUZ+VnCQxv+PkM/ZyTOvaBm+RRIylqjkOM="}},"dz/alsv6DCYqdvAfJlbtT306ZYOMyyhUeWhGcl+BdaE=":{"valueMac":{"type":"Buffer","data":"9oEPyqfVqtFlrf6MaV2cZNwnrqIvPIom7YdZNIQCmTo="}},"d6lAXKpy0Sa86zJGLHxePAvfZPwNHS+97SQXPPPteqM=":{"valueMac":{"type":"Buffer","data":"OXRWYajg127yKoWab/qgzXOqV5K9GKwxonIS2j4Szac="}},"d8ppPt7mLkaCX4V0XwcnzLyK9npZtqM5Ug0ekwKoDZg=":{"valueMac":{"type":"Buffer","data":"naVryHx0WX7X+BoQdNx2peG7l3Yo0sBJ+zVDlRgl+kg="}},"eKfVuYlJbqP16E0tv6YeIK+nbMPykLPPGxHhnc7DYhU=":{"valueMac":{"type":"Buffer","data":"DqdUMz5Xr0kRezWWBYDzBS7bHjH3KiWjdcea3OjREtg="}},"eRWR7tRa+2nCfzOBoRI0qAGDSrUAqT2rI/7Os+E3xFU=":{"valueMac":{"type":"Buffer","data":"YhRPpBYzdatTdDvIX9pfaSDh8lKmS7Wxlm/yEudMPmw="}},"eTzF26a3XOgC21+S0JE1FTOLm68CyGPEF8L1selwUFs=":{"valueMac":{"type":"Buffer","data":"Oe50fZXE9WC+tQ4oZySSK1sVw0Cmg0MMI5WKjwRw0Fw="}},"eT2LScHcU9iuGs82TjgiaDwBUEDVTPWtRfct9L9Rvb0=":{"valueMac":{"type":"Buffer","data":"sdmRNMuCLjv+SwoI5mNysB7K4vSTkWdFccLT4Gyn5ek="}},"eV6Af7W6ZaZOggDaFWoavWG/MPqQqwdlJ5sR9JLW1A4=":{"valueMac":{"type":"Buffer","data":"qJ3zA5Vz0GSC3QnG0Jwp2BqNAOHqYov1sAd8BxGfPb4="}},"ec4D6C4BtDEk5YCKFWekbPzhmaD2F1VnTforfVzpGRY=":{"valueMac":{"type":"Buffer","data":"gHpL06z/P3UPCu+FCB7S/wvDSHufrNl6ZS/4h8w59sk="}},"eyT2RSvAizlTlReFozY5UXogGTe4OFrvePLPmqtE1Cg=":{"valueMac":{"type":"Buffer","data":"JdM7iIhm7vbgNf0vzWdpPM5t3yZjy0/6M1v7aBACICo="}},"e0AqA/+odfBo22ETCcIh0sSAZ09fzv3Lpre4HjyAPBo=":{"valueMac":{"type":"Buffer","data":"xyjtMdPxCE0ZaXPKHEahO5kw42tuWPOhVaCJcLdN71I="}},"e1s8H5Fhjw63A2xnnbtL0Flp/Vk+b76nQidzxfMMuso=":{"valueMac":{"type":"Buffer","data":"9FYZdj18dGvX0IZNTreZCzHm+ZqeCE6Stkf7GFD5zaA="}},"e/KK+fQXUfYpmI+siDGsVDevjtaIT98IvbnNdgMZDik=":{"valueMac":{"type":"Buffer","data":"ah/tBixDcM86y010vLx8BxLjLUnMfZQEkHyQXC+ndzU="}},"fdDDnPkTQWXM97NE6IGpFNSUNf1tI6WE7NZo6hTRs8U=":{"valueMac":{"type":"Buffer","data":"AYJjvppDa0oZPydWgCCRpUx9eaUPHNZ7u0AcEzma7jA="}},"fpkR1EYcdDkI6g2/MI3wZYPxWQvNiC1pQmlhYUDU5gI=":{"valueMac":{"type":"Buffer","data":"8Jtwa7YIcBYENSd4QyBoK34qC+bnAfbAj+rn9HGLt90="}},"ftRmBpOaSMV+CckqoKiIdlPElDS0TFdn2jM8kJUELTc=":{"valueMac":{"type":"Buffer","data":"KUkDQ5Hc7WwIduh2R9TPa7/QmZqmwIC5rumJt/xOchQ="}},"fxf3ljU+G8hegiIxsFR5bHhxxPMbqsOMBKKgbWiFdno=":{"valueMac":{"type":"Buffer","data":"CNBj4XOmSQLulKlB96hSROpqg+WvwUuR1RT21EmqwZg="}},"fxuaoGVqmCKygjs1I/vw3VMeRjLU+HW2nVtSS7axOqk=":{"valueMac":{"type":"Buffer","data":"p7QZ+QnpwfGF4vwzH7SAtiogcHb6fJ5QMkAD/HvweRY="}},"fzIM6IvPIbzZ0Y2R7/ecz0hPObOgLXmf5yRSW7fPZcQ=":{"valueMac":{"type":"Buffer","data":"OKpUu10YOpylY+T+NucvS5B8IDPDjnW8qz4sA+yfRjM="}},"fzN9gXW6Gx0R9z/nyEbJ9vcVFZfg6dpKJvxWW3QNSCM=":{"valueMac":{"type":"Buffer","data":"CNczNPEr2nLnHTtc5KCggM2iIJpXUEGzvA6jYkq/nCk="}},"f2akQTToPm8MBQFFZGQCj1Y90h1VY0+1I5u/9tLVl6w=":{"valueMac":{"type":"Buffer","data":"nIERn4UqNFIJcK0/g6K5j3rTrhVp2/H3D/pSO7+pjfs="}},"f5OzyjR4OczyUA1UpfF2I3rFXwk94YB7I1zbcaBBvzE=":{"valueMac":{"type":"Buffer","data":"LmhwPCcnHIr46p+hc8hkpgp9tBioRkG6n4tEMCXgeyQ="}},"gGveVd4nURivP5Vvvaexu9Zfj3JOkgNMOryAzOGd3z8=":{"valueMac":{"type":"Buffer","data":"PO4nWgWsCURt6GQsqJNOleHDSfUpATfr2zbRfQMzxyE="}},"gLBgWMdpS+WClPe+543SWc7weohtsWNF3xX2fbw7Olw=":{"valueMac":{"type":"Buffer","data":"cx4eJ4gblxEwQhTYHpn1OVYJxlvMfQKJ0v9A0hOevMo="}},"gUxsJuk8Uoj73nzM9ZreILMtL4VDK6Z3B4cityVHTyM=":{"valueMac":{"type":"Buffer","data":"m4lzb5vmd+aEdVWaftlbgpH20Q4uk0SZBRSw+Ou/UAs="}},"giZu5fPwsTvU2nXLXMnXLdsO8hlCQ1mBevHq6uQolRw=":{"valueMac":{"type":"Buffer","data":"XP4CLbOPH0FVitsMwwqNa+EOLHlurdllQcZaA7FsAeE="}},"gtcTJZc9f+fXEiPrf13rA7N8ezTxI2yUKtaSA36HK7w=":{"valueMac":{"type":"Buffer","data":"LSKFNf1tEe6LxtiMHtD60v1zTyzoVXikKCgE1TRW04U="}},"gzlWH3iZUVfpkVmwurqNIzTvtl6nLPZ4c9SZh3HUShs=":{"valueMac":{"type":"Buffer","data":"MGs3BPIq8+aW/hC9lz0/coEp3TsCwEzS5EQ+x6exbzA="}},"gzqd8PAui8JfqjxL5erRzrjIOVmpIlOnj2lYufu5U0Y=":{"valueMac":{"type":"Buffer","data":"UmeFMBqRBLeLoupYKHwxzQFQwFoWoRXb/xvbQdEyVh8="}},"g7Qt8Az6DJoYs+NURi6iw3mkYi5FGq+g2ryctWYkPLY=":{"valueMac":{"type":"Buffer","data":"mObDvlYfFSi4CtmBp6oWy4L4mNoHW5P981YwOQ63+VE="}},"hMxVPWpjCiwuonSkOnfGDxly12WMQt2WtRs0SpNxfcM=":{"valueMac":{"type":"Buffer","data":"iXtODhm46bDza5naGV9L6atFM+Ykd1o4vyoL3jOGfzM="}},"hOMnpglSbk8hqAum5/+vz7g2A/QKk2LBkfNkGIDkrRw=":{"valueMac":{"type":"Buffer","data":"V8vbUfXMrczfERvbB9XbbrFAtcxzKenl9vcZOVpc8EM="}},"hQiGwhuUZhkQERbXHiPsZr737eH2jSGU6vGDiqSzuwY=":{"valueMac":{"type":"Buffer","data":"N4BpCSJOvRzbnV3dE70bZLAbxr/Ht1IgeSopBL9UO2Y="}},"hcWZrG9a2tsjuXidscsZNYV+ULbc+RhxvOh1k8yJ9Qs=":{"valueMac":{"type":"Buffer","data":"5Nc2RD6VRv/w3plfMejiWK9WFXfMXeM6XcoxMlMsMjk="}},"hfFM7znzeoFwE98o/QEmPX/eup8/MTGfozndWbLUE30=":{"valueMac":{"type":"Buffer","data":"/DI3L8wU/6X0mlqoWQ7RMPPGZKUG2SKvw0JSNR65vxA="}},"hhan4OjWHktCv+4jtg1U3wDF3XPxl9C5uaxpV3Q3dE0=":{"valueMac":{"type":"Buffer","data":"RthnEhDIAke9UjKgqTgqfpJMbMAU7Z4mBssX8/jutnQ="}},"hlNhm3xBNYvys0a7LDtqJSEaQIzP0Q8a6hIkl+3YlqM=":{"valueMac":{"type":"Buffer","data":"OzDksHqUH+ZF+Esq7wmFBQdZacDTkG7NGqg2/R9TCMA="}},"hvOhwgvo2h3C6caIdgBqIxG+XF4Ljeem7fMi0mEXvl8=":{"valueMac":{"type":"Buffer","data":"ddVatD3/9CH7jobzjEUwjmjDR6mDIGwNjg7iI4v4QwI="}},"h2M9y6YCE2ivpst4pgiFL9u5w/qUIZnWN0opTKxi6P4=":{"valueMac":{"type":"Buffer","data":"6SsiDuOPd1AEj8e4TxIofTlfDbHR/Nr0ewUKCOWIw0w="}},"h/q2tJTbsafCARqcuMSvrkP3zbaLXdZU47kkvfbt5GM=":{"valueMac":{"type":"Buffer","data":"nUoIq2yfDIE3meN9TIgO3JPrGNj+/S4Pl3X32Nv698Q="}},"iFxwVhTAU6WwwFywz6YHjg2Atlp5TE08loMCAZXbh2o=":{"valueMac":{"type":"Buffer","data":"rr/dLtukezwlButSrgHHVJamgZ93t0Nd4vyZT+SZxvc="}},"iGOsUchOO7LY744o9Cyk87m9WPPQh4lLAJANoCBicbg=":{"valueMac":{"type":"Buffer","data":"1yqQ1env8oa3Cfn6fu6xak25RxuHXsV2dIHGnS+RrRg="}},"ib0vnGtfXLnaOCIsfhmIwSHuC3pc1Talrd/s9kmbH0U=":{"valueMac":{"type":"Buffer","data":"WS+rTq3gGeopXgG9loSWFgpA8yjl6NcWPJ2EoTeu+5c="}},"its9YR7ziLjeXYgdIbieHWy7NEj1vFIl/ITziEfJyxM=":{"valueMac":{"type":"Buffer","data":"0NmRLFzHJdOL1/7YzeOUNk1iq9ojcpweVu/BAgxddjk="}},"ix5J5n8qYdxREGq/CNAq9HWS1ZBfJXob2iIRSJovd8U=":{"valueMac":{"type":"Buffer","data":"hjylWreytCzhtw+KyOO/yAgCUhNznTeduu/AXYvArsU="}},"izErkdmxBOBE3cr8pQd7fWUF4LHqkkPzUCizd2N/S/A=":{"valueMac":{"type":"Buffer","data":"asq9WuR/i9UKORDVZzeMHJgjRJCnnKYpmYv7t47vFKo="}},"izRj1naeMl6tuUVQhlJTOAxUihy1Eo/OoXXVLJZ82o8=":{"valueMac":{"type":"Buffer","data":"Rd0g6OZFIvju1FZbEZ8qNuwxHryeeXCjjZ6TGQbO4ns="}},"i0JVFFeBYk29JuVxUpp6BOR9m+1jkVgZ+QQ3G/jqSQY=":{"valueMac":{"type":"Buffer","data":"Y+xl/eYN/NEJhGpVvcHY80jmAoOQR32HfdBTnuAINr0="}},"i3yqBVfMAJL5Y3B82pU2tHu178OI/h2Hh6h55o1WeKg=":{"valueMac":{"type":"Buffer","data":"67rtlWBrSsMNfeFI9LFQcL9rT2COHhhtsvvTX49jl0E="}},"jQ48oyWVSHB3wOLKib3PiLN862L0J/C5dy9ewEpbv0k=":{"valueMac":{"type":"Buffer","data":"Z3SBb7ioHYMcbOufc5dxvh54qiuCStpMoCKFc9QkzCw="}},"jQ+5QGqy2TmDumjYDnhmZEd8cqH3xcJzlK54cBAMaZ0=":{"valueMac":{"type":"Buffer","data":"HHFV59JnzISRBACj0L6m34QjkBJFZC3C+Im4hJr8kqU="}},"jTY7JCsNgip0fmqfxTrfEGzJVnZtDFevwDWhFjeDTK8=":{"valueMac":{"type":"Buffer","data":"gq9SpPqzkgnhCeUtvWcs/3K1WW4QTxwihKolaKe9PKE="}},"jWB4bkBz14bqE1X8NlZ6wInzanAK34x3Sb2b2oBTkHE=":{"valueMac":{"type":"Buffer","data":"KLJ/hFzWH2DyMpOAS7JO/3smDUsEO5n0djgWPphFjHg="}},"jaO4lEFdch2mg0FXCCKIwt1pqWm/ENKyv001x4aTN4s=":{"valueMac":{"type":"Buffer","data":"I9JcG4opwyGQW5iPr17CWSIUrJOx2A56UuPeIxUmAvc="}},"jdde8qz+ea+0ZtJT5XT/rSpIQY73puxMhVwuBqFHuMs=":{"valueMac":{"type":"Buffer","data":"K1Zn7TTpZHSyFFAQY/pfC0sJWAyWhZq97927C3AXrGY="}},"jsJj4D3ybdGs52EteY1A+aNKq0vEZGRWHw85CxWK0hQ=":{"valueMac":{"type":"Buffer","data":"mSLsg0KjXofbDWL+bNyAHPTuEVTWbFAW/MFHvJa/FVE="}},"jtnuW8do/9AL/ZjfOHpktRThhkSo6TTDM5voxfPuIkE=":{"valueMac":{"type":"Buffer","data":"QOpdeEuBv2MCmaBgCMkPKRBnLnVNPJ5iFfbcNg1Pagw="}},"juGgx3BpkQWezpaHhQeiermXRS5JOh7YTyDNZQFXfRc=":{"valueMac":{"type":"Buffer","data":"npB3bD+iZmGBre/GIaI1NQkKcKDZjVnzR73LnnYdEj4="}},"jx8OpWS7tRVILieeNwrxGuzjLadjKvXfCph2of1uSxU=":{"valueMac":{"type":"Buffer","data":"Sp4nJJpuNUz8Pvmt8Ukl2e40i4u+dAUz/LbTCDyyddk="}},"kEgBfHlykOOw8CjJqR9eNbNuVs7pCHeFAcIEfhXyIMQ=":{"valueMac":{"type":"Buffer","data":"nyeHq/tdJtVT3ApMsmLMBDP0bBsk+2iLBLJhGmbbRCA="}},"kHTfiyhkkShzvco9cK2fPvaJp5eLI792b24fRVV1u1U=":{"valueMac":{"type":"Buffer","data":"PC/jy/WAlRlf7JuIB8AY3zrQ3GW9IPr0xkMomzllT6s="}},"kODmWAzpzwQ19HgDFRTnC6apJMlIhWhiA3uAcHAdCaM=":{"valueMac":{"type":"Buffer","data":"vvLKAIL/bwgE8feXNVOEzhOwl2k2H3T4YcGq0116sQs="}},"kO4sWLoR5LD4mopW6Y4KBsRkmK0W8+3Xq6mMbf0bWL0=":{"valueMac":{"type":"Buffer","data":"Pv+X5zgFCbxbYGex/LlIpY6aE6xX8dIZJce2izv/txU="}},"kSiamw+oom+1RSmn0dV56U5YYxqHt3IsDs9UYBupHqc=":{"valueMac":{"type":"Buffer","data":"xxjXh1n4JepI+FQ4p1Xq2giIccLKy/2Mw/BkpZwpcls="}},"kTq5shFTxGSUBfOPDICbGjO9ulxwrBRHoaEnwyKjL3E=":{"valueMac":{"type":"Buffer","data":"Caplgu4rqD99mtmonw3QZdDTFlolPdCwMS8Z+REAI7s="}},"kUTPjPq6ZjZah4Jsv9KOpjMAC72eqzmbM5iFA2Dq4yw=":{"valueMac":{"type":"Buffer","data":"vtqucjpz0mvOOS1SkNoq39quf9uv88KZyc+alwAXl+I="}},"kVmTcKFsnQ3JWB7GKMDJjKROAA4DISXwUfc6AIk/wHw=":{"valueMac":{"type":"Buffer","data":"kx0bbaQBdnv6PtuBWyboTwaZA1DmAVOVl7dBTCCuCtk="}},"kmgc53tzaMn0wr4rigtbLktYQ7fLJpDpkHy13jgimTs=":{"valueMac":{"type":"Buffer","data":"HNGv55++td+I1PqqM0ZQp2bC4UQuR/m2RmsSpFEoKPE="}},"kwyK2F32sUFaoUZARa3GGFYy9+zz3pt58DS5Pznh65w=":{"valueMac":{"type":"Buffer","data":"y+ByytkV5I7o9qcv8enu7Yz20rycPVK1RHfPHcynE58="}},"k0eBb6loR8SFD7YxblYCHKltp7+hKSLHPQm06Wj2fcw=":{"valueMac":{"type":"Buffer","data":"ildpgfyR6mt+NsaDwlvvREbF0AbzbHaz9RwrfUY2CaI="}},"k38/SalEOT6uxHTcWkAqEi2xqkoqoC2J7u9PnuM82XM=":{"valueMac":{"type":"Buffer","data":"Xj5J4TORhRI8237lCB03gNY+beVwIxks0mHaRaIHlHk="}},"k9/4QqbgKAoBPUbLj/GkS24Z+wJ7aX3/DK20Aq02FWw=":{"valueMac":{"type":"Buffer","data":"NOyan6YDyXooeNgEsodM7uvwFRan3NfWO+P7O7b3E9c="}},"k+2TRhV6DvGioaPMLv1TQ8z9/L31EkbK2zmMo7GUSG8=":{"valueMac":{"type":"Buffer","data":"HcBOkxEBKqPp7p0Ghxf5bxWhkc8wF2hv9EJpT9jFXtU="}},"lA18OW7IT9GDP/BGcfvkzwd2T1bwCmEwzDX6+7JoMDU=":{"valueMac":{"type":"Buffer","data":"HQBBJuZ91MCitcT3AqZarH54uX4+MNPf/FqL2+PGijk="}},"lCXwPczmrelIY4P4ZcOVrWlE3MjrmXza3mUBEFaDlHc=":{"valueMac":{"type":"Buffer","data":"V9zZk4iYYBBuHbhLeFP2QYvDr1vbFH0i/tfjzZi2JCc="}},"lO1k+ttnZheCPlxBMKGvDnyqsb9nFJBOHVeby63e/bU=":{"valueMac":{"type":"Buffer","data":"IO7SqjHA+Jg9s0ECn4TD9NKhMFM+viFRPqSir2YvxZQ="}},"lQs3RmlP5BoqnpDaE4iU5NS223MvW7YKYwIKUgHlZ6E=":{"valueMac":{"type":"Buffer","data":"hNXxcVJfHy5M1pD3Y2gkdX1ZCR/BW8ndac2D8MMRxjw="}},"lSEGBhTAuvpSI3RsbjjXD0LozvIjF/oFNyEyyYJ8D8E=":{"valueMac":{"type":"Buffer","data":"XUb2K07plA0GYkJK9mteWRyVua3X9rVyv8f/Gsb1F3s="}},"lXmGn7Y7C9JqqW12J7vhJnWjCDMJyfBVHxyq355wVOE=":{"valueMac":{"type":"Buffer","data":"MPf0aNHvtw98cPbLgyYcZCNKk/qWkWDcGR4FnnaZMrs="}},"lfQrn76NIhGyvl7RK4MbK21k1tVMHQAWypLw0wwlBBQ=":{"valueMac":{"type":"Buffer","data":"pcfw3O8ng3oq12cu1MVm+AF1pTrMPcLDwMcTR/NcuMw="}},"ln1yMtmWv7iNbHVmYKPT0lw/MzXHzX/3iS0+BzpHkV4=":{"valueMac":{"type":"Buffer","data":"hccsQjFKYsjtS73POzgTtkhSETG4yiEX/IfnutDgtao="}},"ltw2IRSRsbagDRv3MT+TblFby7TcKl7dMtEnJTtCHiE=":{"valueMac":{"type":"Buffer","data":"wiI9BJFzqm4YuaAByC7HdZnjokk14xOQKH8MVFOzv4M="}},"lv/315Ki8NtDpo19m84qqP3kkLoY8zS9ECaQ1cw6oEQ=":{"valueMac":{"type":"Buffer","data":"JBlv/MTnPoajizrjKotYtSzHGdS0MZ46DV8rg1CNwbI="}},"lyCXgVP9VvaE7bmNBiPuy3XmTvXG6lTTqLdv9eKxmzM=":{"valueMac":{"type":"Buffer","data":"O8rlXm9O/B/5Geayz6ybLB62eZq5rpFreivVtV1YBYQ="}},"l0OAMzpya8wd2OJAlbx6Wx7W6zdEBIoqNuKrMbK91G4=":{"valueMac":{"type":"Buffer","data":"zGchRHnbb0CQro0Z9wsaVeyiRFtgIUas5RWjwAOxwww="}},"l2OHHcvAa6WdNP/4lMjD+WbjzVeGJRAp03qbqpSLZ5Q=":{"valueMac":{"type":"Buffer","data":"pW/v053RRBJPXwpEvyQQ3UKpQKHiHI4VZdTuVxZ24vY="}},"l/gCLjZjsd5eozzRzyF8yEiZTZOYEQz5At0ayQaE7EM=":{"valueMac":{"type":"Buffer","data":"LUp0EPKSpte+byFGZGQ+nTYDL3CpzBY2is5mHOlTMlU="}},"mBjPPrTZqVG+9KN2mzXlWQnAsdunLOcaSdKMOyIYMQQ=":{"valueMac":{"type":"Buffer","data":"u1SOrWlmSEK2XpJVRxWjzL3PLGnG0JqZrZoubgnptJM="}},"mCsOrbO7AfyliljRFK693B8bOhyxpwgpYxczPHkxFZY=":{"valueMac":{"type":"Buffer","data":"6t8STm/cpqaoBgalSQqfuPA2HdXi9o5mfV4XnPa0Oeo="}},"mExBTs+0t++aiepa7kP412B/WtNPXxaXMeQ55VP7TzA=":{"valueMac":{"type":"Buffer","data":"pJqVkn9wZCFbnOJ5kJk0V6IApi0BljUy/S+Y7tdssLo="}},"mHgK+DCJ9un1lJ0I+tZAjmGg14sNC/K/BWRy41XOuEs=":{"valueMac":{"type":"Buffer","data":"Y9Ro+3OWMrfZj63K0FbigDVycjfV6e4AW2wJSKxY86c="}},"mRlfRkTVWwWEEUBdpDyl/u49AxVp+/qO30tG4RcTLDA=":{"valueMac":{"type":"Buffer","data":"CMwLHEwSXk8wFprqY+NojDSDsOaQLL6FWAduiuTNX4M="}},"mggBEEdXv3N1sVbX6PfIS3X3b6SJT999Am2L/ZPxxwk=":{"valueMac":{"type":"Buffer","data":"B3TpiEDipvDiMeHhHokhsdmkRHjvw8SbfsFlKR4H/AM="}},"ml7eJxN/+HTqiJi4zXJEdco5otLNRgx1YIhZzY9EgfQ=":{"valueMac":{"type":"Buffer","data":"l1N7wJHswuEHRErej8M1sB62LIoP1gc0hfFPcHQCa10="}},"msfkMCAQN4qCe/Mxn1t34niyIU+34LOj1RTHWxH5K+8=":{"valueMac":{"type":"Buffer","data":"OM0jX4GIMDp+EPkofwhSxZsJsNQ3grcu0M1kwZDR+go="}},"nBDJb9cNtbrfJpvi+KjigK4sRjvOe9fEpFuss2flGZM=":{"valueMac":{"type":"Buffer","data":"EzG/JGlq4NjWeDkjhRf0vVXwukn+v+uOE/G/PwXlPM0="}},"nDbp8lKFtxi75AQFpiBO4S90c3y1uOBrIG+NWz/N0BA=":{"valueMac":{"type":"Buffer","data":"pBYRp+gHiWZuojzP8TW+b3chdPHY9PmZUaDdXY9V9dg="}},"nDt/Vzw5YYzt496dIAFzOcty/d+YBHDt0COnnEsUDDY=":{"valueMac":{"type":"Buffer","data":"7M12N0CRR/Sywq7SNgtnn/5NinjiAhtUH3kvQjNtbbs="}},"nSqOAb70J328kS2eXJFq4ZnIcM2V09B5MBtYeirDCts=":{"valueMac":{"type":"Buffer","data":"/z6/258CxV0JR+MWczUxjrJ72EdQixqTZGF9bJdowKs="}},"nn4A0dIltkX1iSbzX6HVZUlBhugmslG+HsTUz6+n3+E=":{"valueMac":{"type":"Buffer","data":"WQ8TDDedmIueXYem7E1r0jUatacNZPQZDEWCjG+iz2k="}},"nqIext1jgJhniGimT8f40zKUXsL4hrkXr7JNeyFdpVo=":{"valueMac":{"type":"Buffer","data":"3sA6tGVbor4Cjy8xoKOGPI0dpL5ZRVFCo5X3tJcXMok="}},"nyTupaTScPMUzGw+Nq+bqvXMbvYVps+y/qeI+JH7m7M=":{"valueMac":{"type":"Buffer","data":"shV0tUPc21ZT8u10CLB+R4JkU1VihBmQB1s+tOxDSzA="}},"nzGUbdfowrO47zqUFhFNznpWKcxlmQ3QfGWo894/PE8=":{"valueMac":{"type":"Buffer","data":"JeLQBpddGOL2DFikYIQag222gZ5AX7Ly5rbto5hmAo0="}},"nzmvzpkLXP5iwJW07sxVeqPiLF0hUHqxiqhWh/ImaIU=":{"valueMac":{"type":"Buffer","data":"ld8w8ml+N64xykGFDLW18FX4UQHKqKqO2zu8VsF9Zwk="}},"n+tZxkz/tJjFhgXo9l5bvpzW2mQcn/gjzOAK9f8LC2A=":{"valueMac":{"type":"Buffer","data":"gZ7kB6TVqX0xHVvGL+nZBe6CdPUGe+V96aMhFZ91lW8="}},"oJyCVgd9sMo34gVLiRVXsf31l1B7a7HOQQ+soIeE46k=":{"valueMac":{"type":"Buffer","data":"21lXyQIoeBymuYdzx6tCDQMmbPyoyWHxgEntNK5Wrl8="}},"oRK+8u4+Wjei3TLDQSFMkMt5zgoDUet44I5kx8srCao=":{"valueMac":{"type":"Buffer","data":"6E35p/TobFqVOKs1syVMQm8t9i2erVSQF49kxBiNLKQ="}},"ogiz7c0sU3m0aqvqhDW+PDkhNEwmfy3TTDWewmpSlg8=":{"valueMac":{"type":"Buffer","data":"Gqz9TVS782A0zohUC/I0H+ntVq7XM3qD8gU+thscD/4="}},"oh7NYOehbQyY+qHpA18OBKFIK3uJBROfqCNBwiIovnw=":{"valueMac":{"type":"Buffer","data":"8/SCS9Ypskr3TnLmgm+0pPaw7Q82etEhjI9zg0ZAvic="}},"o1NEtOol+s10M54cv4l86/gdLhO6T/DVextARGLPvW8=":{"valueMac":{"type":"Buffer","data":"yN4rsa4AAFjyfVKXGUg6hMchZDQLD0H+UJ94vbPQdZA="}},"o+NVXbORM+jhbtsJUoFYEe10bCndi3WW8RWQzEY8XCY=":{"valueMac":{"type":"Buffer","data":"xNP0Pmd6Dxv0go/OeSJIz32B/xuuCnx5ARuaZax31hk="}},"pK5qr/6GywsqD4isrOavMqqD4M0D6FwJM7NFqkGGA+4=":{"valueMac":{"type":"Buffer","data":"wGZ7C51sYHGjk6YaQOpLm1y/58upMbzcZ+WRygYZRyE="}},"phlaNoOgRDqOOZ7CJ1SnYJ9StXaSgs9aroa29W8hA8M=":{"valueMac":{"type":"Buffer","data":"+Rzky7Pyq0k65Wojhd/WKr38g3OHBdU3oGVXI64K/Ls="}},"ph+kEO5bSnuHms8/r6pt/85tHeo3hlPsh6ruB1ND2rk=":{"valueMac":{"type":"Buffer","data":"m0Gl5Bxulm1rl+1IsOt6/FSy3/ukYfA1fZsD9s/aPNo="}},"pokatIjbFtsuITDGzZwXtrVXR7aVPZSsW5Yov4ObqsU=":{"valueMac":{"type":"Buffer","data":"b5NS9hziD58linhnAsC06gDCrgtnPYL3itYYh8KTmEE="}},"pqsm77HJfFPuFW9S7Z5MnXHHvNRf9Qwmzkh0Hwhhu+w=":{"valueMac":{"type":"Buffer","data":"JY534UzVuccoHf9dS/JUrdv9e177H2sPGdYsRQ9ydXM="}},"qIwv4L19SWmTAI8+HeiyoZ3ySDJ55sWG9eMkxI3/iRc=":{"valueMac":{"type":"Buffer","data":"J2caMO/B9/useK7dmivodGWhHp8bDG8GLy8fewnamKU="}},"qN8AOI4YybF91v2ymwlavNJ0/RmFclPj22yu1j1Mipo=":{"valueMac":{"type":"Buffer","data":"ERBhET/aTpqLHQBu77qxNX3SlUevkT8z+z2L/1vDxyo="}},"qQfJKbIPUiCId4IlNILkLKae71NMG0bbU+KupdpyJZ0=":{"valueMac":{"type":"Buffer","data":"s9Yc08n0oSUdt6WxCxyBMwvYKkJ006zJKruUs0ysRH4="}},"qRYbLOD/3F0qYYniNvFsY+zxJ4Ng5xDOzY3O9Q+a960=":{"valueMac":{"type":"Buffer","data":"zHxw8HZQe5yRybeYMImXXkpyiUj1WNfpjgbl79qtGs0="}},"qlVWVYv07X8+qs3vQb4tT8QhtTyJ8xn/mtq05hLGP/0=":{"valueMac":{"type":"Buffer","data":"FVrXPgFznKVoiiKRW3M+hQXEHKqYrcZThriH81vCMiw="}},"qlhh/4RFNJNGNAgkZSUoSGfq8YreWSepnPv7OliULeA=":{"valueMac":{"type":"Buffer","data":"/maarIkQkKayL6RRyiBs2IpoonhR0N7rJIxyhVxoR5Y="}},"qoGxJ8uwP/+EnZHA2QYVr2Kda56ZwD8Zwh8dC53ZNlw=":{"valueMac":{"type":"Buffer","data":"r+CEceHSGEJPaxkDxY9zERicOnuGVUy7quqfTEtb9OY="}},"qqwtx8VIvWTRzYQ8puoa3Syk/gDXh014aq1bKzAADAY=":{"valueMac":{"type":"Buffer","data":"GqTBV/MuJP+fQSQkKK7Y0KkNB+HY8lqRSVzsP8pofp4="}},"qvmD6IDETwjxlbHQL6r75XOVkyjVMSbDrxhQnAGshT4=":{"valueMac":{"type":"Buffer","data":"5ZUSL7NECyIDaC39wvmuac3Wk7B9ObR8yjs+XaNtfxQ="}},"q2WFksJsnD7haiVQdFEvXODyqqB5lEmb95RTfYqd5Mo=":{"valueMac":{"type":"Buffer","data":"JwfCap1PWb8dfsAbSxTCkeRl7jHBMaOZNqhRWiDJLbA="}},"q4QR+UiWDvMIi2lxS9Z6senO+qOQND9UT2R/G6nNV1U=":{"valueMac":{"type":"Buffer","data":"MqOufjVK0vZ7hEQKcbtM1YUdTQeLcUUJ+apJtoCA7JU="}},"q5FE81iQJBoN7q5lcck/KEOcXx1K4sEyymAIWusZGdA=":{"valueMac":{"type":"Buffer","data":"+eq4sqEnPaYMMdUUUpYlIhjuGQ3pV0ejPa+VsbO4ZJ0="}},"q8MGSZw46zuq8zOp2AG8hZUPvh9mPeweVZ4YDUZeQcA=":{"valueMac":{"type":"Buffer","data":"sbCejUKbJ2TUiCGNu27GjkoLCQ1I2CtfQdv+cJdgkrU="}},"q9VsMdxun3UJbKh4m1QQr3hpmIjZj5p627Vg1eqFEUQ=":{"valueMac":{"type":"Buffer","data":"X9U0aZinLuilWWlDR64prfhvukbNPGpbLIARQueFfdA="}},"rMZiYvR3L+SzPmsbTM51sUKcKufY5XKumYXsSV0D2Xs=":{"valueMac":{"type":"Buffer","data":"0G6OW8mEaVlxNiccrgAL9qAE9OVJhOjXzeOTnbihv4Y="}},"ruGYcGIt3iOfoHWOoL7lGBflWSc5qUku6yzfN7CPxNk=":{"valueMac":{"type":"Buffer","data":"GH7AB2biQ95B0a0cTUsbP6hBXh68xugn3LlK1Pxo9l8="}},"r20ZkkoBX834/1JMjaWXJGcIrOym6Zc8bMBCIMAl0ZY=":{"valueMac":{"type":"Buffer","data":"Ef7n9gM7i/F7dkshB4TbETBaFFBGJweb95vffXeEP3k="}},"r3N2a2t/U0Kowq0ZL6r76wD70w8s0+eBXLFcq4uOBBs=":{"valueMac":{"type":"Buffer","data":"09+TLSmKmOBXcLRk5OH0fXIC7csS8AxASknxTQTZTr8="}},"r6Pjl2vBjrf9bFqPKgYdcrDinDfkQZ5l9PTJMQqMg9M=":{"valueMac":{"type":"Buffer","data":"2knjXXpFuByXgk6fFAQLdFomFcm0a1ojz6wirnpdF1o="}},"sBDEkuZMXrefnZu0nSllnVjjyckk+qSe+EcBtXba3Xg=":{"valueMac":{"type":"Buffer","data":"NCqNvKbWyCJ9syikO6ZTOL6LlgdcMyiRaABQy16CAwQ="}},"sGS4WVLQJ4yugxuuBFthEc4JULdlwts4ubGw+/yh3dA=":{"valueMac":{"type":"Buffer","data":"QITZLJl4teTFyZvRlDSTUkxKSB6dwehgETquadkFXhs="}},"sUS+WaeHBlV/q6oDmDezdPDHtnrkBhQu8GkdlpBfQUY=":{"valueMac":{"type":"Buffer","data":"6yBQgmsyNFDyej9cE0xKIIoBla0T/cPBKJ1f3oERpWE="}},"sWc99/M13RdJ5d46Bat89i0BU2gCuraUExZyl/T0m98=":{"valueMac":{"type":"Buffer","data":"A7tzYmT2fMDYQx5t9KCWoVucqveCiGv4bhlV6DrWfvw="}},"sXbKtx8Wyq1/y/mOrMFrpbX49ThUBnlLLKYRqbqG/dM=":{"valueMac":{"type":"Buffer","data":"JixCPgb+TROlNZE6FHyjiRHm0cAtyZ8Ahf0+Xd/Q0Xc="}},"samaslFpc2vrie12d47uQknucnrx+kvhYmUL06Q51Ng=":{"valueMac":{"type":"Buffer","data":"EXg9AFAvkEhPp3eqn+S+dBNLW5YDkx+QYtJSEUtS8jg="}},"sglNdk4Wa+uTLS5Qi0TowKeMHczFPt+aWGonrkpGrus=":{"valueMac":{"type":"Buffer","data":"+7AUPhgq+WAYBN5xG5pBO9bRy6AzOqc+lcZqk8M7Dy0="}},"s23pDS26s53XGF1z8lfJenVBxHkpq/qTL93beA71bhw=":{"valueMac":{"type":"Buffer","data":"KnbFKh/La/T1GMRy96QRIGX5Si8qHS/P/5y2t8mucVs="}},"s4a4EnFsQHdcnQ63PKytOXU8WR+OIsrZai8I1zuVW0U=":{"valueMac":{"type":"Buffer","data":"R0aXPudEamXQdHNZZhRAg5z5Pbj9IqmGZub13u8ZlD4="}},"s65TxhSPgCYfyGSq03uhtuvsP/n7r+2eP5aq07oYyrw=":{"valueMac":{"type":"Buffer","data":"XWXGBtY7wNxkyU9+u2w7PtBpnX8hkKDjjd+P4fUlo2s="}},"s8rSelWdDbsgMtdlJHs8gq1ovOO9PikupK/SYUZ7e+M=":{"valueMac":{"type":"Buffer","data":"wyOrqmGOU1syebVKoAr7+d/zhkhxGuX3URrN5yqxeXg="}},"tLhIbdq6ZQjxysjHl+iyOeyeuNczyxW253o3d4qO41Y=":{"valueMac":{"type":"Buffer","data":"C7AHsv8FZbfgVZqQ3qTmDMSywMrgxeqYMhT89JPxtKg="}},"tOnCbcr47GkqCqgBjc7WPD4NNykKtt34M20DeQ7P2HU=":{"valueMac":{"type":"Buffer","data":"yqlNxiCJWt3jmZprIxthzy3wdAk2OLVfx/muwZIbKb4="}},"tS5H0NhFJAsszsHp5AmlVRPPzwJuUv+g/UJSo9T8924=":{"valueMac":{"type":"Buffer","data":"ZQV1vRWhX+Wtd5VVs9RuRRSrJh3ynz0LA4TDheHZcwA="}},"tXN8jJ+r9/JR5wSrBb1L6G0TgIOiKIcMRmwklGaGfaU=":{"valueMac":{"type":"Buffer","data":"tRY+taD1Lb3+OU7GXn/u1Zs3gy6ytjr+UIu22Anku6g="}},"tiCrXlu1MJO737xyg8p0kqU2iiuVIhzXyYOL30WhVpg=":{"valueMac":{"type":"Buffer","data":"sKz/bFTTMRUCBgLDSffvsLpOde/aq80tASgy2TkpNAw="}},"t8OyuWvIHQiGRYw1FFVez1V9dsEep/LVrmQYT46IdBE=":{"valueMac":{"type":"Buffer","data":"+qbeU6Ze3WrvHGRIPQevaKjy6ZY5GENgfMJjOd5QISE="}},"uGYxy1YwmX9CwNfeupBDqgEB2JGrtpZBAOLzJzKoTVg=":{"valueMac":{"type":"Buffer","data":"ZvR13n9xFtGV35BU9RUOdCmKyxeZd9Rm9JLnZ1YxRFs="}},"uHCTuDGlrludCfWQ0fozXygXFoDikyI9zHAz4gQCQOo=":{"valueMac":{"type":"Buffer","data":"lpP6N7IWI2ZDNwPMBBsSpMleq2On0bN8V16o5t+/gX0="}},"uKqDapda4FjGDB4w1Z4qFuYcUBytjXJrDQYrgjlR9u0=":{"valueMac":{"type":"Buffer","data":"rb1oqMcZFfTycmV5lQ4CboV7GmCA79DrD+TiljtoTe0="}},"uYgG5Nz3yiRoLHlkQ5hY2Q1mt8qdfdpu2LsRkidAkag=":{"valueMac":{"type":"Buffer","data":"zQ2XZ4tGJ7zR3wGJvAOzABgDK1Xvo3neS4KKMeYXai8="}},"uYmyOr8cmYUtVP0QeX0TQzgq/mnYuzFXH9yOccl0dCc=":{"valueMac":{"type":"Buffer","data":"g2j5c1QdtniH0P31LRGPAoIIZStH2DV1VBbYWbqBnl8="}},"uaBwEQBhK6TCw7nmJNJz1pTnK9gtAXbBJ4ibd/vDo50=":{"valueMac":{"type":"Buffer","data":"P4yuv/gvQPhU1qz8pszuaKZ6UHsku8GRY8BT42vN9Cg="}},"uvyWo1Qg28G4OshiI0RsvsFPDMR3z1J2mVS35QWIS30=":{"valueMac":{"type":"Buffer","data":"bpmJgDluKBcq+FR0abLYEdGtZIaV8BaMgn3P2/ynRTU="}},"u1v3l3MQhVEDu3qQT8S9UWU08em/W0FFstwaeyph2jo=":{"valueMac":{"type":"Buffer","data":"4fUqA6krKz432eTul84DDP7x/jx91TPS2X1FEfPQsf0="}},"u5jGueOzKMhG35ArmLK9H/dw9fbnT6Ii8Vz07ZdK4l8=":{"valueMac":{"type":"Buffer","data":"fC46W7GEO2u4DQCtSQkhtAplRMG7cMLr+loejpkBoPM="}},"u9NCKt+MhLgKa3ARriwtM8Xim0mP10/Ub92l+6noxrs=":{"valueMac":{"type":"Buffer","data":"C3onUkt86vctT70z3CJdFIiNNsyck5m/nzUUeR+dZUA="}},"u+J/MXTToq/RSlNOLtK5qIiEV60ZQ7DVbOgQKNUSaak=":{"valueMac":{"type":"Buffer","data":"xWst9uDgJWBw0ioEj9YwZkWGXZ0I51tA9twh9vua9vA="}},"vKH8l1V0wVbm/bLHbzUfpLrbl5C9Yk+Uwvze738bHw4=":{"valueMac":{"type":"Buffer","data":"mcNXTbwnmtk0XcU0uwHQuGwpvhmX9g7rr0Ze4WJXO4A="}},"vtZYQLN0EsqujTnwpRnXNman6ulmyPVqvYiqQSgZnw4=":{"valueMac":{"type":"Buffer","data":"4GlMe9r61PXUGiaiPWldp6E1tfLyKWzy39ixyEmlD3c="}},"wHcGLDhUe1ms+jyJGMuoXs3UTKHqLvVh8E9jFsvQgwM=":{"valueMac":{"type":"Buffer","data":"5gJpnh9ZAnEPhkdiJHE09LwW9L+vLuULQ7oCfL7olzk="}},"wIB+tIBE3Ze2oFgNnRJlQgjt+chuXx59W/Dqjd6FgTM=":{"valueMac":{"type":"Buffer","data":"gsy/6z1xPPJnf6ZUo06XLiMNgxtb4mAuKMitjBLFD0g="}},"wiZCSoX/1FCPA0IvTN+PMlHYDbrNMhyY1cT6CX7Pix0=":{"valueMac":{"type":"Buffer","data":"NNwb3rDzwAzPw/mtcwW/7YPoxRFGl5jjw3C9dSQbkvQ="}},"w7PKhgaK5TlUVLVYoN2Rs/fYnWffF86kikiqb/MLTB8=":{"valueMac":{"type":"Buffer","data":"yvE7X6pW7OzPPynEX6E+VXup1PbtPvuV0JWDC/qXwGg="}},"w8Y/XIDQiOT2Qg+Rz3DKvgtmNw9OgX5iXB1Fiq/soZE=":{"valueMac":{"type":"Buffer","data":"zXJYdtUuBZcKn9uh+fMwYVngwK7ipvtbgWaYXe6n9DI="}},"xEBw/oQGcjV4R8+GADtXGnJCteADBayFr1xoP/G12o0=":{"valueMac":{"type":"Buffer","data":"ZmiN5dA7kwm7cYAa8Z7j67vFqWES5si4i22wCj2Vj70="}},"xPN0N16xg5b1mZcdECYmUy9atkqIP45hoSLd5D1lvgk=":{"valueMac":{"type":"Buffer","data":"dgXVA4qV9F+7TbKD0OKjM2B1d0s5dYNpRQjy1JwfqS0="}},"xPg+xMYZiLVmxYFdC3VpdkkbtCd0dkLhpMNX6anUPjA=":{"valueMac":{"type":"Buffer","data":"E8sR9Z/nrD1v2vYro6tNc9icrjnJvj+Eir2KQE8sNHE="}},"xTbLBZeLvmijaSTqXEuQ1nThyfNKJg3Y4PZX7HLN0pg=":{"valueMac":{"type":"Buffer","data":"aPC9m0sj+psCOFNT6D3qeeLu/2I/mXnZn+CYLqN6DDc="}},"xVBIHW8RSjcKZFL88WP52uahlPG2+KMr2A365KyGtno=":{"valueMac":{"type":"Buffer","data":"cHWQjPCV7Szy4x4HdocwLIUuC1MHy5Qj6WZebLJf2xo="}},"xWIhSOqxJncBAjW+NVjLdqX/isQEoRBcMVQ9lfu26HA=":{"valueMac":{"type":"Buffer","data":"dYHkuk0Qbo8zIzi/+i+8Uw93DWrHd5xIWclGc0Xac4c="}},"xb2d5Xs2kX6ir10X7eNr/wLjuCFry99MjXD7dfqKN6I=":{"valueMac":{"type":"Buffer","data":"vTNFlF5OF1Ljfh9qCuoGJJS9AUoqm4BxRdk5Lb7hVCU="}},"xvUIFJB9u4v0q8CkQBk8zg1bPeiltUBaYi2E67ZD91g=":{"valueMac":{"type":"Buffer","data":"XOxHJcpBCcYO6dXXFtxlM7/QuQ4i3DI69HIwW7/Zuq8="}},"xyE9Y+R07W9uBxOMItrBCOy+hY2bsVdXUEIXyapmRVo=":{"valueMac":{"type":"Buffer","data":"WirMbJSS3qqU4VkXQQvGsovjdp0m/uJqAV6mb8lvNBY="}},"xz2J/NnbY3dq0RE77VQ6KbjLahclnPBTNFDIR0H4OTA=":{"valueMac":{"type":"Buffer","data":"RS4OwBvSb/FrrT1ORwUKzLpo/BbaMZSFuoQukxcQtv0="}},"x0BVyDilbLYi3ylfRmeM4slkDmpqXUFq2N9ANeuA2pM=":{"valueMac":{"type":"Buffer","data":"daac5Y8WQNeZRnq+9v4r1RvlCjLZmVsAC5/Fj+7aNS8="}},"x5R0WyPNJCMb7XvXKeb4bmWwGxp+j2R5pvxhUGXOvYM=":{"valueMac":{"type":"Buffer","data":"Xup+wAb5XmdmzO1DzgCjsilIwbxZ9z9l8Y1lO/om8mE="}},"yCf5sc++xLh1gmsglcw4hqUPjKxHh+rYYcdJKY/DBIc=":{"valueMac":{"type":"Buffer","data":"8nPSYqdUKoZdOYiW5fuYKc/LlYNvWeUleDQObUsuRu4="}},"yMeqNNPtk6RtjMcRyJNJCQBcvQ/JluqCUpUxexyYHIU=":{"valueMac":{"type":"Buffer","data":"WmwyCpwmV9v4FI5n7WzC7/n/C/3JlZmdQo5bNycv4ks="}},"yhhanp1i3Vhdu6crCKvxls+HbjtyIWiP6/yCVpJxDm0=":{"valueMac":{"type":"Buffer","data":"TycufLRFY5gkVyBkUMLcuh1bcvru/sNdf6gsHfowv5U="}},"ynDlh+fg9kMfgsvzLpbuEi42VdFTQDnLJHDdZrmUmzk=":{"valueMac":{"type":"Buffer","data":"0Gzt6G1/xVX93R40b8xjPxOkJZnqUEDM8Ex5F1tjajk="}},"ytT6FPbH67uFlT9MO2ixesjNhlf6PcdqVp08s4tyiuA=":{"valueMac":{"type":"Buffer","data":"8UQZdm9tK68JkN/HfJ02mQzpG7hvx/QCn3snzPiEojA="}},"ywRTk37IxoHEQ4yJOIHPocA4g9n8Ag7QYRowYjh74Sc=":{"valueMac":{"type":"Buffer","data":"OO/YjOuoG1Py1Dmrlh3iK4CPVW1vnPYuQoiXpEmbimg="}},"yz4aL+dsfUDxJckF9p2MF+J+gDMVo3AiZBMbXUkjgFI=":{"valueMac":{"type":"Buffer","data":"KeIt4oZRsdCWor5b4Rb+Lec1gIu2aTexGKlhPXBDfBg="}},"y2ROujmP6Aef7mWC0qR5VleDd2GHk/+UhrXxxOMYowM=":{"valueMac":{"type":"Buffer","data":"03chX0Qq273ysuYVWe7M5l6QOjKaM6g6cF0XGTtjAlY="}},"y5fAyo/JzClWvkPMhFlE+8bj9GNYtdr/X9uXAFyOwFY=":{"valueMac":{"type":"Buffer","data":"xFl7hu/7weKBHBTSkbFF7rxSFOFhhlgy07gsg5Osv3M="}},"zBlni63rE4ijzyGtmyQ+UrEAF8bnbZAs/nh+eLi2fyM=":{"valueMac":{"type":"Buffer","data":"qbkAaMIK0e+W2s8vdHl6/i8ahubGh12xXVyKPyYlKbM="}},"zCmRgcz3bcYO98B1TqVklFT7MuBJ3DPLfXxUMreSiag=":{"valueMac":{"type":"Buffer","data":"epDy+jB8Jwdkby+tboWXq3yuG/5Cjbi3cVWfy5m0WCs="}},"zEUfGlY/rnIPytcqcSKwf1uwwpD+gKQHGniS/guxiPs=":{"valueMac":{"type":"Buffer","data":"SHr5EIZ9n1ZRe0hBlAj/njtkW+o6KN/CutaiuGygNZ4="}},"zRgPeCrfAtaLrIxdQGHzg0hPjiFgLKTmeTaaiqAgAhE=":{"valueMac":{"type":"Buffer","data":"0IpFLU9ADhcjKIVU4VGqvv9eRqKKwBmPkClMKdjla8c="}},"zY2QsE6uU6V6c3yVeA+KlB8Sa0lwOFGH/qrWssIoelY=":{"valueMac":{"type":"Buffer","data":"T4fXg340UZWEyighxoRvqALbYMz7NGlXRoGb55XOOCk="}},"zgwLXX0xiLzhkCw/b7+FpPfUAgKqW6nQ/jwCqLxet+w=":{"valueMac":{"type":"Buffer","data":"YLwdPcsRr6n40RpzNU7mtsBpco73pluPKXrINgRcKwo="}},"z6Qa+Sp2kRdGH33uzqU63lak5QDwpBBykak6qr2BvEE=":{"valueMac":{"type":"Buffer","data":"/yd28CRspGTyDD6L9MGdt9QP8IWd7uXNaODkfaZnNvA="}},"z6hijh5NfHjh1XrZrXnyj3xRseUPKFfWvqUx4bkh5oM=":{"valueMac":{"type":"Buffer","data":"KDnMWqJP2Kj7vt65TwMjgh114zLNo7KXtehT3h/TQmk="}},"0BZThwRHi4DfDfGGe8cC30SM5hOBicIeGiOhcURits0=":{"valueMac":{"type":"Buffer","data":"h+Vz1PjfNNddvNaJPHLFCkM+gNyUYJNShdRGBO2rw5M="}},"0CephIME+VDRUzyiWU5298Lrht3HQ1VorCJRHCBc6Zg=":{"valueMac":{"type":"Buffer","data":"DBbB079KLfBZen3shBNOtAoETBucQ5g/IZ6ADGex6no="}},"0Pq42pN8F1T7Zye2wUPgav/96jHmTpyIb7bNYrWpm8E=":{"valueMac":{"type":"Buffer","data":"A8UlGWQwiKohOapCUIbji1HnwepkEm65JT3S29RnCaI="}},"0zMGShprWeJUacIzZD9M8MIx/yJ7hX8feacx6KncifE=":{"valueMac":{"type":"Buffer","data":"cTwyNiCNb0k0RzjUk38KERny+t6+HeCdlZau1D5D/0g="}},"0zcvRfuDavVWvWclg9XgOOuhiZIGn4EFfTJqeUsRg1g=":{"valueMac":{"type":"Buffer","data":"I50HPIhATs/a9YsxvOikpFVGoY0bmRj6IfvOlG7uPyc="}},"0z1kX6xmLcfkYaB+SagepSVvsbreESEvglCDh7QU6Ls=":{"valueMac":{"type":"Buffer","data":"ehoF5T+FwsJB4dGR0sO4kRZN5rtxEYUK/j7w/rHFw3M="}},"05cN5dD0QjEVrmf68RMrqioYNoQtb8bT/KZczkCepI8=":{"valueMac":{"type":"Buffer","data":"2btQZ5JWa0EtYSTYsInl1m0WyNZ/sSijEWmLTqIF3qs="}},"1V6XSiRKk1IbMGvo894shSZ3ZXj8m6W7BmHpPXyXyaQ=":{"valueMac":{"type":"Buffer","data":"QBOI2B7c7Q9HoSSxzo5ZTz15jD+7o5SKSlOcobonUsY="}},"1rN9QoNF/vDmFbFUR3w2Co6TJLTMwsNNgUqzNzxPijE=":{"valueMac":{"type":"Buffer","data":"Ai/Eg8BHYAEwHz+m9GI3yrySXfN8dVXVhmNGlg6BNwU="}},"14SJfmWuoIkQR2+13UH6RmypxOA4MIXUqiXa06fN3pI=":{"valueMac":{"type":"Buffer","data":"UDr2qhTdsgMcR9ipaNFIOt6JOXOwrcZbc+9vi+vmeUI="}},"2LI5xbaKFt85oNKNo4+95xXY/+zAJU+2uJeqZTT0LkA=":{"valueMac":{"type":"Buffer","data":"zeSK9Jw6uFZ4+yRdq0j0xQEw5TEGjhnG842UJH++mXI="}},"2NTG5wuy7AKDVH2wpdHQ/deFg0k+sXyY3z3YZzpTlbY=":{"valueMac":{"type":"Buffer","data":"rdN/+mVE8/AD4pD7JUW2+XySVn3InmfLMXIJnBopqTo="}},"2SgDYjP+HBxd2wi0q9z+rNMTLx58Al6zWZaVgdJPcq4=":{"valueMac":{"type":"Buffer","data":"eIsdZQrWzY1OUhdY0IP2fRbBzGEU1WG2z/htnRQGrpE="}},"2gIUleIzqE1IFCGHvlz5dHuNoTD9LhFwLmFCQcQ/Lk0=":{"valueMac":{"type":"Buffer","data":"/+/4TvjkvnA3xL4PhOU6uPjo6oDlGS2QLSkP8NUSAWw="}},"2s6vjgHu8NMGq2mzNV3Qa7pt8/cPbnk8VsOqhXpOvLQ=":{"valueMac":{"type":"Buffer","data":"DDlFI9gi2f8TsAEE+iGqLwHnAaTrBvUMEw3i4QaMlZU="}},"2tHIm9eQs+wKvE9XCu1GR1rCD2K2B47FQKhKbLGTh6c=":{"valueMac":{"type":"Buffer","data":"eY4KTMI85A1iZWbzw8+Ppf4STAeVmcgRvtpYMUTn+dc="}},"22xm3Fgpjk/U0TMnqJGiEh3zwY9EegNpo0pdsOn9yO8=":{"valueMac":{"type":"Buffer","data":"s/Go4VprX4Hl9gbUV8oulTLsa7/LDJtJvjzaM0rpKuE="}},"3KPYL1S1bVCcg0W9h9gCaeOFrCWQNd8Ue1FKwsCoAsQ=":{"valueMac":{"type":"Buffer","data":"PZafVaF0rhv9RQQBiyV22UhJWxvv7MjqHMK0v5kx85A="}},"3VRhKw7+wBHQ9QjtFWAjFyNpUcSE7vcyTzJhtOwFXyc=":{"valueMac":{"type":"Buffer","data":"HW4OYeysi8irq64RlM/2pYaDSKn4kKVD+X49613kYKs="}},"3a31quG+QMtFZk7hhAmfqgGr4exdp8IM5R4Sob2lc+0=":{"valueMac":{"type":"Buffer","data":"MLrMyCnU2oFhhWbbNY0P+yzQ26VmbbDKXEvdZLgFY9c="}},"3fNBTH9P8BK9xmeZhn1nyOZRSbSXA+pKO2sHIVNRmOo=":{"valueMac":{"type":"Buffer","data":"xi1li6NbFWAYmN53T7aRK76ljacDkGItZ6qruhw1XjE="}},"3o43MCwSWE+kGs5ba+tARbQMwXbaJbSUmKKOjrYBwAY=":{"valueMac":{"type":"Buffer","data":"f0zslbJ3pn964QAs4IPWZVKkzf59OjEbTXa3zhG7YEs="}},"3pxbbyBa39OHPbuA+Q8wni2WPW9lPbyW6MxEoVJa5C8=":{"valueMac":{"type":"Buffer","data":"u2ZGEOcTQI84Yd3NLVEGXgH65ywWSxmhF6lDzSMvclU="}},"3zNZGg/rfDR2Q/AEJX5BtdAlPqmOe9aU1+5ALwzHh8w=":{"valueMac":{"type":"Buffer","data":"SawLHtZsOXCHM70lJjAPddu7UKfSxAj4OsTFjE9Rj9g="}},"3z0wk4cEUrk9qFuXWRMIqY6cFdnOSsWarUFuO/pDCF4=":{"valueMac":{"type":"Buffer","data":"lU0koTlS4b5vQY593QwAXXXY/2V/VBpyhuXt/qy0BO8="}},"32F/NPan52ooROfgcCWzTep4Vi4ekfp/8MLPIND1Www=":{"valueMac":{"type":"Buffer","data":"xQ8m0/n9PW05QOR0rFXXXc8WMwOzjBaqh2E90CihMq8="}},"36LUR4utC7D5lgdkQIDIe9kXM2blf8AwiIcmX2LOBow=":{"valueMac":{"type":"Buffer","data":"1BjCKHp0zxuWCRztOB0zcg6tW6vND+YqZgocXZFPqy0="}},"4JhcL6u2QgAtzYIkeTdmFwQvkXeUAmDhwUVAD17EX00=":{"valueMac":{"type":"Buffer","data":"FPvkRpx9xKFILtHGTGkxqY/ye+aaD1Bf2symBRPgxgs="}},"4VqsFUn8bLROjpit4r9O7jgjURX1gFUBR8VjHo7n9f4=":{"valueMac":{"type":"Buffer","data":"2VrezWLAkQF2wd/GWoD9JArWelqlH/XDCkvfnW+EBpg="}},"4ZkEPE36xP0q3kpzijW3Bht5jeX9mdopFOIJ8vs1dDo=":{"valueMac":{"type":"Buffer","data":"Dy0O1O3TDOsikoqM/sUc79CYv01hVhwGj3lp6+yzzcY="}},"4jFxU84aGOJSTlK7B9StNMyAfWBQYAWAxKXs4o4q1Bc=":{"valueMac":{"type":"Buffer","data":"yJ2Yqs/oPqmkaD9gHFw9Di/DP0M/64fBpYRj9sXjJRY="}},"4wvQyRhI2xszdVzmMQj8bHD0v6q/K3Fl1erWS1/MsCI=":{"valueMac":{"type":"Buffer","data":"jxwybMZQt0dI5elT9ZEqI37pRStq9Xxbc/1nJJeCy5o="}},"4zq01ZTb2Oh5L8UTtTc5cM18EvBggKwbaa3Sgn/Ze/I=":{"valueMac":{"type":"Buffer","data":"N2NG9+9F1ekI3jUfg4bk4CGUflNcbkovYARz/CUWNF4="}},"40UUvuiSHPLU1ySGAZMvzW5F0fAFJFD2/TWm+ZofsJk=":{"valueMac":{"type":"Buffer","data":"g9FKaUF+A+BzUsj+HX0tSKZzRP0IFCPM1tGDGYcMuPo="}},"5ETgxUcMZnTBkrO9hTxvoLliS0Gx3qncykX8fmYoYUw=":{"valueMac":{"type":"Buffer","data":"/gLoE/m3Aw1hZhXVzDweMQXEUAnua5RJJfrvqOZ8qRI="}},"5IRLJ0z3xl4OukWl/BREWq7J6/i2nFOuLLoIo2IE9Yc=":{"valueMac":{"type":"Buffer","data":"1Nus5pSa+rHeI+GswDdXM+HOicUYXQTFLA+c22Er2A8="}},"5RB4k8zKwxOOpN2DnDyYSx2ferdrUvHe9CjO/VltEJU=":{"valueMac":{"type":"Buffer","data":"CgWiq/QaftHn3yGzoxDGd+Gco4oNY7s0C3h3IbvDezw="}},"5Z7nYkjYGpGU1aaDMkC/iWACenZhI4756/Eu3JqzJTo=":{"valueMac":{"type":"Buffer","data":"lQmUxFIcxE+qi44/IhoQy/KJNttzN7LPOA1qlB72TWU="}},"5kcO8DfL43minDB2VReRidpxYd9kE5P3FBFdms2BfNM=":{"valueMac":{"type":"Buffer","data":"PP3Fuv3aG/UnCJzC5T5X8dgMYlzGWwFaSLwxIR/G2Os="}},"5uvCIlnMXeAN83J6rBGYXHMUymoo9Ecsk813QqnXx68=":{"valueMac":{"type":"Buffer","data":"invkqmzepBH8rGuj+9AUuOoMYIbhLaLLOltRCRHOaSQ="}},"57hIAF4rzgTyLJdjrNzOiymVccYgtBHoQSBOiYQR1lA=":{"valueMac":{"type":"Buffer","data":"YWUmwqmMt34QbNTcq1t5/9aA0GmeQhB0rFW6CHrn/OU="}},"572uxQNtzoXIq+KLZ61NhRbjPW4xh50XztVSrKy2L74=":{"valueMac":{"type":"Buffer","data":"E1CSzOB8tLUJYqJyerketTCVdeEJDuPGgyVWuOZ/TC4="}},"578MYw9qDYp5o2EH42V4Pkb2x2B8C9EbhY3Hg+sW6i8=":{"valueMac":{"type":"Buffer","data":"ZR43/IwrY4t/bVGHZmdcmjcP6dIONjEy/HwOhhACc3Y="}},"6NrgYScotatTsJL466DnAmSJU7yIBp0PH312B/tCBIw=":{"valueMac":{"type":"Buffer","data":"Iw91Q2XRDufe3Dfnr0ESB26gVoXMmFODYe6WzHw20c0="}},"6gK/gnvJMjaHiAN7I6w1ilxJp/yQbaNiK5c/2pIvtgQ=":{"valueMac":{"type":"Buffer","data":"OfiQolzEgyuKkQUo/36PgV+plCVbVweePCC+r06VNNM="}},"6hHQkQNFrlI8i75HHFMkS0dRoigrn7lkWuYieBHNlSs=":{"valueMac":{"type":"Buffer","data":"CQK+vDznFmzQYz1+wP0bdxEEI90deXWdQinJ+MhOCuY="}},"6w6X1v3MwR3dqhA+ZblQuaTi697ORThPmVLrjf3k2GE=":{"valueMac":{"type":"Buffer","data":"hemH0zrS0Ngo0zUNuIWxQTsq/Hra9/DYiFbjxwkuslU="}},"66NJUdxws5rd9ePqGOYjy5IwSypMLKXbfpNydL/P5nY=":{"valueMac":{"type":"Buffer","data":"THXFNu6l7eFjUAJPaYFBPN3WmE+VIzCqRN+gbNsIkxM="}},"7Ch4tD5l1nr0m86xFgjff8KLvWEhUByMAcdYq0eNhG0=":{"valueMac":{"type":"Buffer","data":"heEVlyYbWc1gBUvWYM1q5k7Ye8mbDkHMGvuMZlNW7UY="}},"7EEnq1PtwfzJ71ddegQhg2Znn/kzfBHlHiOMKv29koA=":{"valueMac":{"type":"Buffer","data":"5S3ekFlJX7sFvWbXNYWw0/w1gwq/KOPBoZMDwgjYPJ0="}},"7RiVI95D3iQa9mp31by/1sq74+0FedTH2AT8lURfFkA=":{"valueMac":{"type":"Buffer","data":"f2YKQMQjwfoXfikIIYHqHuCM1ZcEU56+c7ovWzS6fKg="}},"7V1p1VXztEf41m/1YQYCjNz6j+RzyNI2JQqwpyxLElM=":{"valueMac":{"type":"Buffer","data":"NN7++iEFpvpWLZA3tedHRt+u06pOQGF0azeglWXqAjg="}},"7XpiG/ACngn2rL8oPIsWv8qZ4xS+RQ+FgzYMVW8zymQ=":{"valueMac":{"type":"Buffer","data":"RakUCuR8SXYaT6HgXQbAn438WXlA7l/3pFFH2Tq4aDw="}},"7X3eJFFyJiUJjFblCzUo9qyy6i5uGVt7Huttjph2lE8=":{"valueMac":{"type":"Buffer","data":"7cuVmjTDwo7k6vt2zvneI+laqosqqyevMFVRAD8G17c="}},"7sO01O4zfvWSaSkwWGlo2nUjsOOYYj7zD4VzXO2cj54=":{"valueMac":{"type":"Buffer","data":"sZw38cOuKgJ6JRNeYcWKJfKRwxY69VOXrNA6cbqlSeI="}},"7y+3F+gJyDewjsTUVoEuQtiL8kVThdp2bPQ/qvEhMRM=":{"valueMac":{"type":"Buffer","data":"ocBjFbGtLym0i8PBXI7lHTOTtslUUY3R76jTK2kZnrQ="}},"72iC85LrFR6RtNxCaovGKn4pZxjfDo6bG60H9k+UMyw=":{"valueMac":{"type":"Buffer","data":"WO2Nxd/Y/5UXif9FVmIJsAN4OwhHKifXa63vGaOPg1Y="}},"72xCfwWWR/DPsvTtGJFZS2sw7z8w0LpWqSYtj8eBQzQ=":{"valueMac":{"type":"Buffer","data":"kPWGK+bNazrvXviUN5S+98QZo1+fFluW7SCcsRtuAjY="}},"76PSFwGk2Twhg4wr/S99+JSlQNBs3BoGNAHdZoifMzQ=":{"valueMac":{"type":"Buffer","data":"nKNjEIP3s5quzZxVsBI71CX9ndTj1wABxZACsUYBQL0="}},"8A1QeVHqJNsy3wXD6qwUjCbxf23KIe8krT8nycyCiO8=":{"valueMac":{"type":"Buffer","data":"BGbvTzwtWIcP2f2R2O27iv0UN0UvlbhEEE5vNXZyhb0="}},"8C3VGGAWgf/ShFA85qO0TrP5hQviO26R5s9Z5HBjEgk=":{"valueMac":{"type":"Buffer","data":"+pOIqRMf/Gl5el++aInJ84OXswMaidPn4/GDeBL2BdE="}},"8H/PAJIwGpw2uqp9nh00J3mP4y1rdYSecLdeMzNbcmc=":{"valueMac":{"type":"Buffer","data":"RxtDANBhoc0R6Eywd4xQi33XxfemJzcOonp3QYsofH4="}},"8IHWu7Jdix/WHJex1O2dRxhoFx63raGYp2WOt1hKF3o=":{"valueMac":{"type":"Buffer","data":"uyR+GLaH5qcIzCEVYkAlAO6FjcaD9kx0wnwANevONj4="}},"8SRGO2iHp5vhKJDAGgIBv/m7e9CPkt8mQQJfb4W7FoM=":{"valueMac":{"type":"Buffer","data":"QESqSJE4NkPMroqN28dNVYW/Z8gAygCoxfl34YsyEBQ="}},"8a17jER0OfoIwXmosR8eqUD0npnNunJ2EmJ2woc6r6o=":{"valueMac":{"type":"Buffer","data":"DV3n+lkRsgiy8rmtCnSJ/bU0ikFmx9yirlLXv4pLcUo="}},"8bPYhten8JUOewzIMaxzIUhsKvpocAeWGa94HzG3fQc=":{"valueMac":{"type":"Buffer","data":"OOfHXJsObDJozNXA0UO+WBy7cOpWxGrQSJvYTwrHXEw="}},"8coM7g1EKM62VMH6n/XDIgAN0qHDbYTowr3LOtWbv7o=":{"valueMac":{"type":"Buffer","data":"owqQSgQPs5NE7LdBjyF7/7GaGOEVCfKCtQIn3cifqiQ="}},"8dDUuCAb1fD6alSAbJHzZZTBwnlLrdGxab2G1XYCStc=":{"valueMac":{"type":"Buffer","data":"yCd1HN0BxdZmROZyzRHQJ3EdTq0vqimMspxQxQkh6Ts="}},"8hJ3c/ALCtTQbpTYtbEybBOvdpOH63ZXBQYJPf/exUo=":{"valueMac":{"type":"Buffer","data":"/Pb1hHcLashHaIwBO3SEmhl6mK80ztFEqBclkthcyxg="}},"8ijY0KzaVQ0l64RtJyxyr94Ko2CKaAW5hkafmEu67Lo=":{"valueMac":{"type":"Buffer","data":"ZwEr0hFFIabD4P9hof86Yc2tQsyAr8wg29nD8NAs12I="}},"87XMUobxCdYpyhedu2VOgbbO+AcAzdAH9nT+7zeF4DQ=":{"valueMac":{"type":"Buffer","data":"5N45W0CNwEOtd7oEP7FX0Y7WJz+qeHc7VLem19/CEYs="}},"89Rjkw33c75eOyTbPBMRMNI1F+EGFXArl/C9hrNHAE0=":{"valueMac":{"type":"Buffer","data":"xInlOxhyb/6O46QhGGNGoT5QF92289CFng8IV9VP27k="}},"9TdSpKCZAnkBFO4yhOZgnF3frVgc1u+YW351CVdSotw=":{"valueMac":{"type":"Buffer","data":"pMIzWFqExtjO7Mh1Zdtd65FlWyv28yPn2J+J/IO6Dho="}},"9aqBocxvsLGxHghYZ5xgzypIbys0tNjFJ87W8spYWXM=":{"valueMac":{"type":"Buffer","data":"2UtGCMTTnzeqsUZ015lHD5EwOwXhtLqLk7K2Qo4wBOQ="}},"9e1YCRxfrXYI1VR+HEOtd/0NAfwwbPRPLDq5PCqNI2Y=":{"valueMac":{"type":"Buffer","data":"6qKeOZ+OW3aCng9ysIDhtrxf3vlO9kKjDfEvJxKl7fw="}},"+AiT8k1gU321CFyIDwO/Rf0t/dqstsCm1UyE4KGD0ps=":{"valueMac":{"type":"Buffer","data":"Ke08eMpjL9trXTzE8T0mWH/Uq4rB8TApQ+zASWV4jug="}},"+IPo8PWlQyQFekFjKbD8HboGLN1KU8RgzJXh8rhYIZ4=":{"valueMac":{"type":"Buffer","data":"z2S1RTMJzPQVHVy0OHsByhvoPerho6B1rra+3h92kPs="}},"+XIFAiom+ppAkNbyueX/ygCXb3OXNuINl7z6W7GVUYQ=":{"valueMac":{"type":"Buffer","data":"xfOOXf4chbquEvFcZ4cugBE3OAMaODzj/kSr6k5ylCg="}},"+XYGYH5XY2fqAMg2/DuTaNALePfSjSxRJbOllnFFf6I=":{"valueMac":{"type":"Buffer","data":"VNXrY0MNuxDE+ZekAx4vw50eOrNcXSpqlWcQVA/5wDA="}},"+dqA8weGQTu8mdCgvML7IIfDh9GfwZxPS5LQni55Dak=":{"valueMac":{"type":"Buffer","data":"DtJ+SrD87yYUVgjzdvQ6D4WQXyamnrUh4uUjkdDmOoo="}},"+hB29n38I8qXfQ9mwxYvLcExjHhnaQySCUU12vOQx0k=":{"valueMac":{"type":"Buffer","data":"E0JXOvBkRYyW149G6rtzp3FUWahfF6IsDf89aolal3o="}},"+n0so2NL6DdvN28NOA6IZWDwQ9TSjqrgYM0eh09vncw=":{"valueMac":{"type":"Buffer","data":"3Ku7hhYZJmunJGZ/i+YNLEE55uap/RlgpKwNVEYvxG0="}},"+oFQuCHNbAFD9fO2YIBhZc0utkSpXPfurVWFK1ibG6Q=":{"valueMac":{"type":"Buffer","data":"aSqL2Vc5KbBpQXj/hGJH18ovmQFwmKLH4q7xEqWpaiI="}},"+pA55d8zXunmCxRY8Z9Oci3MdA3CjgS5Lo3F8fKrho0=":{"valueMac":{"type":"Buffer","data":"8td0JKAgTQtYQqv9k9r03/ghzp0/mpsuvMBFIvqTK6w="}},"+uI+EJt5PWsiLnyNwp6DOmCQQJi2bLlFOSm1xrsPeyI=":{"valueMac":{"type":"Buffer","data":"MFNzVbFBodKVjXQzdIcMkLQMFWU6R0D18zXp3PsSwW8="}},"+2rNOdOdayRw1XLqKpJ30APBfgKNbePT+LC8HyYb6Ao=":{"valueMac":{"type":"Buffer","data":"LSKbPpy7xziEGGPqtLCsZ3XSdvWICkI/EmL3yPPm51M="}},"/CSpeqxTe6gn9JwtWZvEK4jCZYgBLvMUMXI1BMcum/g=":{"valueMac":{"type":"Buffer","data":"Pxo/gIBoz+Xgtw6PdTcMf0Y3gtD8PjXhEPTGChY8JB0="}},"/MIo5lO/TtRaGw6nNNx6KAoiF+Q4pT7GRAOuWjoemrk=":{"valueMac":{"type":"Buffer","data":"LnvkAl9Wq3XY7S30MspBXKYznhyS3HZP2Hb9Z94b6CA="}},"/NKCF5wYUrE+NJ5ijkaENAKor1MTE8Zm58CBbrkH4xY=":{"valueMac":{"type":"Buffer","data":"tcnWP+3Y24KiwzRiIqPBKUno/vApPCQwudQBaBvnCtc="}},"/0fJwQFgkPPzMCsc2sOYoVTHpBvm5M3k2a4c/pzqM/Y=":{"valueMac":{"type":"Buffer","data":"d438wk7tZfh0HKq1Vii3Ei14ZqEitJiUFg0I/YEeAgc="}},"/3+WidFYbCJ2AlCeVk7iWgyCK+S6MVyJsJutkjRNs24=":{"valueMac":{"type":"Buffer","data":"EZ8v5Zkmlebr9o4zyjUEV1gbymDakw9iUzTrkOuwL3I="}},"GQfdJDUHEnKj44Zbyl8SMfkrCURuZ8783nLUjOCpTRE=":{"valueMac":{"type":"Buffer","data":"33xFcUuByBAGlshd1VJtQLPUYa4j0DCmaPIHU11Cb5A="}},"WX+aSWRtEWs7f7MPxp2qCpZezHBjCD5jdsDYavFxrcY=":{"valueMac":{"type":"Buffer","data":"Mm/LOnnN+M7ZbpWD6Oz3+y8YnfHfFcOC+i4Ngcw/jsg="}},"njnp1wmPTbSsZXPESQjF5+GhZDDRIdGo3kXNkxOYaEA=":{"valueMac":{"type":"Buffer","data":"kRXyqogFqros1S8EYgjFKGdgyxhUARmdwEf9nJ7Fs8s="}},"Ac+arHN2fqmER4HJGHjZjJU9ibFBBxucOFrjkLYgvCQ=":{"valueMac":{"type":"Buffer","data":"qN9sCRniJbup4bs28FPTYEfmNZ2c0+gE5BwcLBc2CLc="}}}}