{"noiseKey":{"private":{"type":"Buffer","data":"eMxFobpO4IWIJ6cjf3cHNuKhtAJRE1NntDv2PDyEBGk="},"public":{"type":"Buffer","data":"2YQwtL2u5P3yetTvdWdQ6jvXM4f2Fprkd8w14rjziFo="}},"pairingEphemeralKeyPair":{"private":{"type":"Buffer","data":"2Aj6M340XTbyY0/46M1Kza35FNYxmo6i66/IY+qWTkQ="},"public":{"type":"Buffer","data":"aP5JqsPSTwR7IBZMKCUrurIwi0NfIQxqYCyLrcAmYk4="}},"signedIdentityKey":{"private":{"type":"Buffer","data":"cAhTwxzvDSMsP0fKvtM0SwShcbAs/udTuYHp8ioxwVs="},"public":{"type":"Buffer","data":"SmBSdjBkUgun7kVpPE8rn8hj/C382UoDiydXEzH6Im4="}},"signedPreKey":{"keyPair":{"private":{"type":"Buffer","data":"wM9eaAq0IJFFqrlD3GEjKpW35yuMGIJ0pZuYNAeUl1U="},"public":{"type":"Buffer","data":"+dzlM47XXP4/9O8qp1tOTcsqg3bam7dr2cVwYR0Jkkc="}},"signature":{"type":"Buffer","data":"GptBmfaU+ZCzBM/ku4V4m2Mjo8QwX+t0kBrQZTXo8VpuTFpO//dStqQepSsi7rDD7T8qyC/or90JR8hWVT7HDg=="},"keyId":1},"registrationId":133,"advSecretKey":"7/FkQ22O+oT/WOgqB32DbEn1h5vWN6/7aAsMykDJWnM=","processedHistoryMessages":[{"key":{"remoteJid":"628159522008@s.whatsapp.net","fromMe":true,"id":"FCEDA52AB7B29F50E0D62445DB6078C7"},"messageTimestamp":1702679429},{"key":{"remoteJid":"628159522008@s.whatsapp.net","fromMe":true,"id":"C0C7E5CD52D4B4E7F9605144D8BC6AB4"},"messageTimestamp":1702679431},{"key":{"remoteJid":"628159522008@s.whatsapp.net","fromMe":true,"id":"8297B0FEDCFB588FCEEE985E03201449"},"messageTimestamp":1702679443},{"key":{"remoteJid":"628159522008@s.whatsapp.net","fromMe":true,"id":"4F677C337A60F37E429C2E12DADB790D"},"messageTimestamp":1702679467},{"key":{"remoteJid":"628159522008@s.whatsapp.net","fromMe":true,"id":"816C508E0B1DE86793B68D1BB425146D"},"messageTimestamp":1702679496}],"nextPreKeyId":31,"firstUnuploadedPreKeyId":31,"accountSyncCounter":1,"accountSettings":{"unarchiveChats":false},"deviceId":"H1ZTavbmTbKm6aq6aVKwrQ","phoneId":"cdceb793-65c8-45ee-8b68-9b53f910eccd","identityId":{"type":"Buffer","data":"c2qvpLXQQIBRwOyI5aer1T3srsQ="},"registered":true,"backupToken":{"type":"Buffer","data":"r9lbyYR/RJl9nNCBLHg/pAKIRp0="},"registration":{},"pairingCode":"FANXZ9KT","me":{"id":"628159522008:8@s.whatsapp.net","name":"Saikyō"},"account":{"details":"CLrFnJsDEP+m86sGGAIgACgA","accountSignatureKey":"mmvCRxHXRpC38jJ4TXODdsFBa8VJBg+u1pgG3X1p3CE=","accountSignature":"+Oy3ZxcWSwSlVaQBkwosF3v9dTauwqZ45mtONgOqxDcyJ7BixR3Es7tTHsMyf75cK8d3RR2oEl9U1ClY84EdAg==","deviceSignature":"eqYA80Yji9nSWKzHXVahhIWqWkxv+nEv4rZMd9CQ3eq3p8ZNGWEl/XHSCr+VFpHRtdAvUjDBpOhShxUZ8iq3AQ=="},"signalIdentities":[{"identifier":{"name":"628159522008:8@s.whatsapp.net","deviceId":0},"identifierKey":{"type":"Buffer","data":"BZprwkcR10aQt/IyeE1zg3bBQWvFSQYPrtaYBt19adwh"}}],"platform":"android","lastAccountSyncTimestamp":1702679426,"myAppStateKeyId":"AAAAAK/X"}