{"_sessions":{"BX9eLPJI6VR1nJ1eocOk1u3XRNpARBl8IziDYgllovBr":{"registrationId":1563578477,"currentRatchet":{"ephemeralKeyPair":{"pubKey":"BdWsDrGBMom8jjudd/vL5nwL3y5vg3KfdQtmFd+G6gxh","privKey":"qAs49zZtVv863iG/ofSzBtnxulcIpN5+VQMjMo7kP0Q="},"lastRemoteEphemeralKey":"BetvGnhjlAsrlTclUBJXYpC11JTHL+QzpfudyspOTPAX","previousCounter":0,"rootKey":"KLnb0bp3zvb+qNAK/sb3+I9nJ6DZWbfOq0sJrhQt0ZI="},"indexInfo":{"baseKey":"BX9eLPJI6VR1nJ1eocOk1u3XRNpARBl8IziDYgllovBr","baseKeyType":2,"closed":-1,"used":1702679467419,"created":1702679467419,"remoteIdentityKey":"BT/va3AxXpga4ihIEbRF4LXYgcd/jKAJR/7dHPgCiC0U"},"_chains":{"BetvGnhjlAsrlTclUBJXYpC11JTHL+QzpfudyspOTPAX":{"chainKey":{"counter":0,"key":"mCNOHY1lM1FnLGTb9pDoXCHCVRI5q/wdy2u+Im81N30="},"chainType":2,"messageKeys":{}},"BdWsDrGBMom8jjudd/vL5nwL3y5vg3KfdQtmFd+G6gxh":{"chainKey":{"counter":1,"key":"ZZkDLFblq5TCAxeJ6Wz/8MtVFcOX8VlNw93iS4DP0cU="},"chainType":1,"messageKeys":{}}}}},"version":"v1"}