{"_sessions":{"BfXLaqdbLHFMSDPSmJlzau5I22mZOwaJ4QXkto0F95ls":{"registrationId":56221841,"currentRatchet":{"ephemeralKeyPair":{"pubKey":"BdWxbK4/Q4+tPAulwowXofleXgCW9gBbEPvgmyOjLgVs","privKey":"QKGqwtieL6TGMttDmvZJJrK9hVKM9IHb5Lpv79t77mY="},"lastRemoteEphemeralKey":"BQq/HLVhMVTB8mRuWPRnF2IfcVM9522HYepKi9/89/1R","previousCounter":0,"rootKey":"HRNYpE7tqiCsIGZhas857JIZQF9DZ0UFYYq8QOpkzWk="},"indexInfo":{"baseKey":"BfXLaqdbLHFMSDPSmJlzau5I22mZOwaJ4QXkto0F95ls","baseKeyType":2,"closed":-1,"used":1702679570696,"created":1702679450838,"remoteIdentityKey":"BQyqNOGNgmi5RD/d2KrrjkRtNbwtfLyfgEooSoZYJvdO"},"_chains":{"BUgbAGvKBgIdDIyinysHVPadcOwQVKc/2kaJfferXThF":{"chainKey":{"counter":0},"chainType":2,"messageKeys":{}},"BVLNwpRsgSArns/lGVHooWGv3D3S77zXTVMtdaEaqpps":{"chainKey":{"counter":0},"chainType":2,"messageKeys":{}},"BeR3Rh6lFNu2ineO5Jx/5wV+8otW4DuqIObjNlWcSYcD":{"chainKey":{"counter":0},"chainType":2,"messageKeys":{}},"BQq/HLVhMVTB8mRuWPRnF2IfcVM9522HYepKi9/89/1R":{"chainKey":{"counter":0,"key":"iURUUsLVVM4iL1FgD4WugJgQ8EbOSY2wwWfN8aPTFJI="},"chainType":2,"messageKeys":{}},"BdWxbK4/Q4+tPAulwowXofleXgCW9gBbEPvgmyOjLgVs":{"chainKey":{"counter":1,"key":"QXW2UVepMJbu5vAL3kR+eUfCjoSxDMozQZOwiIvrhOM="},"chainType":1,"messageKeys":{}}}}},"version":"v1"}