{"_sessions":{"BaD71fmdqdKn+D8Fn+cFrM6G5/jpS6kTN9fAKjPhOBgB":{"registrationId":1872821220,"currentRatchet":{"ephemeralKeyPair":{"pubKey":"BRkLGGtuMJnufDPisBedsirghCY6iV9GPM5Q3QD1TUso","privKey":"eA13T/2dFuGqBVFkghfkgJ4pXyj6FzfLoGkewhW+HGg="},"lastRemoteEphemeralKey":"BWC0TmHB6C5sdmPqrkysdY0ssY5UXONEuIbkPKw33Q0U","previousCounter":1,"rootKey":"QRKHzLc3dbC26GqwGUIR+KoeTn+y9Iv9RRE1bon8fZk="},"indexInfo":{"baseKey":"BaD71fmdqdKn+D8Fn+cFrM6G5/jpS6kTN9fAKjPhOBgB","baseKeyType":2,"closed":-1,"used":1702679500284,"created":1702679427713,"remoteIdentityKey":"BZprwkcR10aQt/IyeE1zg3bBQWvFSQYPrtaYBt19adwh"},"_chains":{"BWwnzORybXntPzAA7Lysz7wJqlw0R1QoUhYLGphkwycv":{"chainKey":{"counter":6},"chainType":2,"messageKeys":{}},"BXYRJ60N+5aaVIeQx9LbveTHe+XDA3OvdAW8xTzl0Ngv":{"chainKey":{"counter":0},"chainType":2,"messageKeys":{}},"BWC0TmHB6C5sdmPqrkysdY0ssY5UXONEuIbkPKw33Q0U":{"chainKey":{"counter":1,"key":"DOF/k11Hv/GKG4Fa/t3Yon1wASR4N7XyEco8hYtb6fg="},"chainType":2,"messageKeys":{}},"BRkLGGtuMJnufDPisBedsirghCY6iV9GPM5Q3QD1TUso":{"chainKey":{"counter":4,"key":"bjOsheS/SGFzGNKG3mbF8lcghrY5X28don+PBmitMks="},"chainType":1,"messageKeys":{}}}}},"version":"v1"}