{"_sessions":{"BX6fS1G/RdfHkNxrkB4bArnRW5gPVwmhMPxdftH6zrBD":{"registrationId":244,"currentRatchet":{"ephemeralKeyPair":{"pubKey":"BQ44Qk9NCPEHJj1W+L0XBcWmDpT5VcFoJFnRrsleVjdD","privKey":"iHS1bSLU6UTqzjBfysD0deOfce+DYGI2pR8iFC8++3E="},"lastRemoteEphemeralKey":"Bf/W1w9vrgb2x+nJvcC5hJf3fdhePyIK0gX4jXRNTRFq","previousCounter":0,"rootKey":"4tKr2yB+igRz9HhRCoV99u9hCBI04LWYTXshvQBQMhI="},"indexInfo":{"baseKey":"BX6fS1G/RdfHkNxrkB4bArnRW5gPVwmhMPxdftH6zrBD","baseKeyType":1,"closed":-1,"used":1702679453036,"created":1702679453036,"remoteIdentityKey":"Bcjuurja7WLDsBmWRWZtzZ0oHwpmodf7MZg5AzdlwB1F"},"_chains":{"BQ44Qk9NCPEHJj1W+L0XBcWmDpT5VcFoJFnRrsleVjdD":{"chainKey":{"counter":8,"key":"2nAGRViI6+xyv+dAbAaF8dsGCkVyjNH+6syrye6C/Bs="},"chainType":1,"messageKeys":{}}},"pendingPreKey":{"signedKeyId":1,"baseKey":"BX6fS1G/RdfHkNxrkB4bArnRW5gPVwmhMPxdftH6zrBD"}}},"version":"v1"}