{"noiseKey":{"private":{"type":"Buffer","data":"SKN+Z8Wlxkk0oAx8MN8yb7wxFwoaTOqdV4vX4E5RIUg="},"public":{"type":"Buffer","data":"7PqPP1vBuMEhklHDHt+KBtBbcY+32+NhRvDv9lB3jE8="}},"pairingEphemeralKeyPair":{"private":{"type":"Buffer","data":"MFfnZd4w3Bfdo+HV5tgf6s0JbpdD6FznurQGPtOKp1I="},"public":{"type":"Buffer","data":"Ri8SNPgMF9R1utx1kCZRoyumJVkZ4CEwITi1D3E55DU="}},"signedIdentityKey":{"private":{"type":"Buffer","data":"oPv1TU+/JS5JrExXnT++2LO5K+avCtodC4jUo1UJ1WU="},"public":{"type":"Buffer","data":"nTIogKvqT/B9x9bFL0ReFdkcbiW6y89ntZcOIltlIGw="}},"signedPreKey":{"keyPair":{"private":{"type":"Buffer","data":"QJgHYTYz9l1ug8sJ6YyXil4vXZJ6iS+bqkdHI1xcMEU="},"public":{"type":"Buffer","data":"++xnu2Ow2Jjb3vZJUQGegVwCkyQaO8AJFU1Rn0in6WA="}},"signature":{"type":"Buffer","data":"0QDQTu8yg9CSpvg2LLctcjxDFAig6sEZAQl1UhPfh4tX0nfO1m9l1Kx3DZp+JfN8VQx6md4X+tBlGxB0DGLiig=="},"keyId":1},"registrationId":93,"advSecretKey":"A5oOOn1d4OXf0rSKIE+Vhxu747nbWo3aq+2hlO7c2Fw=","processedHistoryMessages":[],"nextPreKeyId":1,"firstUnuploadedPreKeyId":1,"accountSyncCounter":0,"accountSettings":{"unarchiveChats":false},"deviceId":"pbylBoumTx6X6sGbEu42CA","phoneId":"7297de20-6e12-441d-9186-32a37d28f238","identityId":{"type":"Buffer","data":"g10UtcYHvUBm/p015E7lTrRbsIA="},"registered":false,"backupToken":{"type":"Buffer","data":"zjHn6SbrnwtffFmUT32aULeiukw="},"registration":{},"pairingCode":"6B5PGYD7","me":{"id":"6283131153300@s.whatsapp.net","name":"~"}}