{"noiseKey":{"private":{"type":"Buffer","data":"gNqc9ILSYUK1r8f2FtN2SljxnG6BRCPPxptbnGYusm0="},"public":{"type":"Buffer","data":"cXcW8snFRpwm6al/xvIWftrUerWyPqDFIW6wsG9HAkA="}},"pairingEphemeralKeyPair":{"private":{"type":"Buffer","data":"eLicUT2OuE3c/l1KAOwndhtILSPgJGCQCy4OVBN48lI="},"public":{"type":"Buffer","data":"MvcSNAlkJDil9esWwjcR+GEXnk6Iac6HHAsN8w7h2g4="}},"signedIdentityKey":{"private":{"type":"Buffer","data":"6G0nFHAt1PIjwpzaHbKNjiTrfLGEwJTtOGTe9IieGng="},"public":{"type":"Buffer","data":"JB/cASn5HY+q7c4g6cRZEq3xG+mRT7r8i2DaCXvk9FI="}},"signedPreKey":{"keyPair":{"private":{"type":"Buffer","data":"WDn7aGWQZx7WEKK5v0ukMq1KdsHyLMSZyTJCZqKgjlY="},"public":{"type":"Buffer","data":"advjSDnRBuNg/xGPzYFhFRcX/Tj6cW584lISsUjzKCo="}},"signature":{"type":"Buffer","data":"aXwN1CsBwNgqx8PTD7NXc8EsLLwrDQ40xAbr/eN/tctnoLf0yMthTUl4BQDJ9+gMKRAec//LHz8YfPnN2jB+Aw=="},"keyId":1},"registrationId":104,"advSecretKey":"Hu0ymGk1CYUn09idQfueu2ZePuqNlkAnfxmIkKFj2aE=","processedHistoryMessages":[],"nextPreKeyId":1,"firstUnuploadedPreKeyId":1,"accountSyncCounter":0,"accountSettings":{"unarchiveChats":false},"deviceId":"vogJ7bl3Rf6BcmmOm0YRlw","phoneId":"eca76549-b042-4212-b0b0-53ef0a1781df","identityId":{"type":"Buffer","data":"x4rySPophyDIsBW9OXfLBhLRFmY="},"registered":false,"backupToken":{"type":"Buffer","data":"WG8ubyogv8f3lMFOwHWsdLBIL4g="},"registration":{},"pairingCode":"SGTM4H4W","me":{"id":"6283877118785@s.whatsapp.net","name":"~"}}